run_id,timestamp,previous_batches,previous_traversals,previous_elapsed_sec,run_batches,run_traversals,run_elapsed_sec,total_batches,total_traversals,total_elapsed_sec,batches,traversals,elapsed_sec,workers,merge_interval,regret_update,stack,small_blind,infosets,utility_sum_last_batch,checkpoint_reason
20260502-100359,1777731138.722639,0,0,0.0,63,378000,498.75469493865967,63,378000,498.75469493865967,63,378000,498.75469493865967,10,300,cfr,1000,10,3104,-592.9315741459543,interval
20260502-100359,1777731449.7340958,0,0,0.0,105,630000,809.757838010788,105,630000,809.757838010788,105,630000,809.757838010788,10,300,cfr,1000,10,3104,-1597.6324325947453,interval
20260502-100359,1777732113.073641,0,0,0.0,139,834000,1473.1068530082703,139,834000,1473.1068530082703,139,834000,1473.1068530082703,10,300,cfr,1000,10,3104,228.62198929628346,interval
20260502-100359,1777732419.026806,0,0,0.0,181,1086000,1779.0601708889008,181,1086000,1779.0601708889008,181,1086000,1779.0601708889008,10,300,cfr,1000,10,3104,-489.77665625780764,interval
20260502-100359,1777732720.3466702,0,0,0.0,244,1464000,2080.3752629756927,244,1464000,2080.3752629756927,244,1464000,2080.3752629756927,10,300,cfr,1000,10,3104,44.22412047273724,interval
20260502-100359,1777733124.52245,0,0,0.0,270,1620000,2484.553991794586,270,1620000,2484.553991794586,270,1620000,2484.553991794586,10,300,cfr,1000,10,3104,369.48273616684094,interval
20260502-100359,1777733902.749491,0,0,0.0,294,1764000,3262.8066070079803,294,1764000,3262.8066070079803,294,1764000,3262.8066070079803,10,300,cfr,1000,10,3104,1077.7679319141423,interval
20260502-100359,1777734453.637575,0,0,0.0,303,1818000,3813.665911912918,303,1818000,3813.665911912918,303,1818000,3813.665911912918,10,300,cfr,1000,10,3104,-975.4720533833955,interval
20260502-100359,1777737867.630412,0,0,0.0,319,1914000,7227.664129018784,319,1914000,7227.664129018784,319,1914000,7227.664129018784,10,300,cfr,1000,10,3104,-883.859267646162,interval
20260502-100359,1777737867.706462,0,0,0.0,319,1914000,7227.739278078079,319,1914000,7227.739278078079,319,1914000,7227.739278078079,10,300,cfr,1000,10,3104,-883.859267646162,final
20260502-173235,1777757855.94221,319,1914000,7227.739278078079,93,558000,300.15838384628296,412,2472000,7527.897661924362,412,2472000,7527.897661924362,10,300,cfr,1000,10,3104,-1204.980271941564,interval
20260502-173235,1777758156.0652008,319,1914000,7227.739278078079,232,1392000,600.2947797775269,551,3306000,7828.034057855606,551,3306000,7828.034057855606,10,300,cfr,1000,10,3104,466.03342717571286,interval
20260502-173235,1777758456.6735182,319,1914000,7227.739278078079,365,2190000,900.8979909420013,684,4104000,8128.637269020081,684,4104000,8128.637269020081,10,300,cfr,1000,10,3104,521.8301813257216,interval
20260502-173235,1777758758.043662,319,1914000,7227.739278078079,498,2988000,1202.2705359458923,817,4902000,8430.009814023972,817,4902000,8430.009814023972,10,300,cfr,1000,10,3104,260.35541991841245,interval
20260502-173235,1777759059.4711208,319,1914000,7227.739278078079,637,3822000,1503.698802947998,956,5736000,8731.438081026077,956,5736000,8731.438081026077,10,300,cfr,1000,10,3104,591.7539178644505,interval
20260502-173235,1777759360.391693,319,1914000,7227.739278078079,774,4644000,1804.614998102188,1093,6558000,9032.354276180267,1093,6558000,9032.354276180267,10,300,cfr,1000,10,3104,2289.361133360353,interval
20260502-173235,1777759661.882553,319,1914000,7227.739278078079,908,5448000,2106.1127281188965,1227,7362000,9333.852006196976,1227,7362000,9333.852006196976,10,300,cfr,1000,10,3104,-699.5673759875872,interval
20260502-173235,1777759963.14775,319,1914000,7227.739278078079,1040,6240000,2407.378809928894,1359,8154000,9635.118088006973,1359,8154000,9635.118088006973,10,300,cfr,1000,10,3104,1834.0751855210888,interval
20260502-173235,1777760263.3548002,319,1914000,7227.739278078079,1169,7014000,2707.582901954651,1488,8928000,9935.32218003273,1488,8928000,9935.32218003273,10,300,cfr,1000,10,3104,-254.55709816581987,interval
20260502-173235,1777760563.713492,319,1914000,7227.739278078079,1302,7812000,3007.9439799785614,1621,9726000,10235.68325805664,1621,9726000,10235.68325805664,10,300,cfr,1000,10,3104,34.79998669277225,interval
20260502-173235,1777760863.745204,319,1914000,7227.739278078079,1443,8658000,3307.976679801941,1762,10572000,10535.71595788002,1762,10572000,10535.71595788002,10,300,cfr,1000,10,3104,-213.13540907331634,interval
20260502-173235,1777761164.453326,319,1914000,7227.739278078079,1577,9462000,3608.684110879898,1896,11376000,10836.423388957977,1896,11376000,10836.423388957977,10,300,cfr,1000,10,3104,-1085.9607934615892,interval
20260502-173235,1777761466.229612,319,1914000,7227.739278078079,1713,10278000,3910.4599318504333,2032,12192000,11138.199209928513,2032,12192000,11138.199209928513,10,300,cfr,1000,10,3104,-219.17537801836605,interval
20260502-173235,1777761767.9984589,319,1914000,7227.739278078079,1855,11130000,4212.225193977356,2174,13044000,11439.964472055435,2174,13044000,11439.964472055435,10,300,cfr,1000,10,3104,-922.3544097264557,interval
20260502-173235,1777762070.2280262,319,1914000,7227.739278078079,1997,11982000,4514.456634759903,2316,13896000,11742.195912837982,2316,13896000,11742.195912837982,10,300,cfr,1000,10,3104,2001.4570434468037,interval
20260502-173235,1777762371.115515,319,1914000,7227.739278078079,2135,12810000,4815.345146894455,2454,14724000,12043.084424972534,2454,14724000,12043.084424972534,10,300,cfr,1000,10,3104,-339.26951994421756,interval
20260502-173235,1777762671.9901838,319,1914000,7227.739278078079,2275,13650000,5116.217944860458,2594,15564000,12343.957222938538,2594,15564000,12343.957222938538,10,300,cfr,1000,10,3104,1683.8064181995144,interval
20260502-173235,1777762973.2574232,319,1914000,7227.739278078079,2415,14490000,5417.482801914215,2734,16404000,12645.222079992294,2734,16404000,12645.222079992294,10,300,cfr,1000,10,3104,1756.7059167728778,interval
20260502-173235,1777763274.837918,319,1914000,7227.739278078079,2548,15288000,5719.067674875259,2867,17202000,12946.806952953339,2867,17202000,12946.806952953339,10,300,cfr,1000,10,3104,941.0942422242725,interval
20260502-173235,1777763576.088614,319,1914000,7227.739278078079,2689,16134000,6020.316957950592,3008,18048000,13248.056236028671,3008,18048000,13248.056236028671,10,300,cfr,1000,10,3104,-763.7365616764428,interval
20260502-173235,1777763876.180073,319,1914000,7227.739278078079,2827,16962000,6320.405916929245,3146,18876000,13548.145195007324,3146,18876000,13548.145195007324,10,300,cfr,1000,10,3104,959.9336131573858,interval
20260502-173235,1777764177.372132,319,1914000,7227.739278078079,2969,17814000,6621.597505092621,3288,19728000,13849.3367831707,3288,19728000,13849.3367831707,10,300,cfr,1000,10,3104,767.2200944932575,interval
20260502-173235,1777764477.669722,319,1914000,7227.739278078079,3117,18702000,6921.899824857712,3436,20616000,14149.639102935791,3436,20616000,14149.639102935791,10,300,cfr,1000,10,3104,900.4673747915006,interval
20260502-173235,1777764778.627533,319,1914000,7227.739278078079,3262,19572000,7222.853569984436,3581,21486000,14450.592848062515,3581,21486000,14450.592848062515,10,300,cfr,1000,10,3104,362.74279984329706,interval
20260502-173235,1777765078.709551,319,1914000,7227.739278078079,3404,20424000,7522.93945980072,3723,22338000,14750.6787378788,3723,22338000,14750.6787378788,10,300,cfr,1000,10,3104,-2800.83882881526,interval
20260502-173235,1777765379.590105,319,1914000,7227.739278078079,3548,21288000,7823.81805896759,3867,23202000,15051.55733704567,3867,23202000,15051.55733704567,10,300,cfr,1000,10,3104,-2693.321931244229,interval
20260502-173235,1777765681.586215,319,1914000,7227.739278078079,3696,22176000,8125.816162109375,4015,24090000,15353.555440187454,4015,24090000,15353.555440187454,10,300,cfr,1000,10,3104,76.37831419777694,interval
20260502-173235,1777765981.688426,319,1914000,7227.739278078079,3840,23040000,8425.91769194603,4159,24954000,15653.656970024109,4159,24954000,15653.656970024109,10,300,cfr,1000,10,3104,-483.1262271976849,interval
20260502-173235,1777766282.561964,319,1914000,7227.739278078079,3983,23898000,8726.78726887703,4302,25812000,15954.526546955109,4302,25812000,15954.526546955109,10,300,cfr,1000,10,3104,-582.263754381901,interval
20260502-173235,1777766583.53848,319,1914000,7227.739278078079,4126,24756000,9027.765571832657,4445,26670000,16255.504849910736,4445,26670000,16255.504849910736,10,300,cfr,1000,10,3104,-823.6513781309809,interval
20260502-173235,1777766884.6726599,319,1914000,7227.739278078079,4270,25620000,9328.900533914566,4589,27534000,16556.639811992645,4589,27534000,16556.639811992645,10,300,cfr,1000,10,3104,-581.0812976278276,interval
20260502-173235,1777767185.439834,319,1914000,7227.739278078079,4415,26490000,9629.671159029007,4734,28404000,16857.410437107086,4734,28404000,16857.410437107086,10,300,cfr,1000,10,3104,-652.215925382746,interval
20260502-173235,1777767486.143467,319,1914000,7227.739278078079,4555,27330000,9930.371757745743,4874,29244000,17158.111035823822,4874,29244000,17158.111035823822,10,300,cfr,1000,10,3104,-1525.8069136198453,interval
20260502-173235,1777767786.698282,319,1914000,7227.739278078079,4695,28170000,10230.920187950134,5014,30084000,17458.659466028214,5014,30084000,17458.659466028214,10,300,cfr,1000,10,3104,-411.86256630083943,interval
20260502-173235,1777768088.354951,319,1914000,7227.739278078079,4842,29052000,10532.585640907288,5161,30966000,17760.324918985367,5161,30966000,17760.324918985367,10,300,cfr,1000,10,3104,-939.0131057145489,interval
20260502-173235,1777768389.617037,319,1914000,7227.739278078079,4989,29934000,10833.847607135773,5308,31848000,18061.586885213852,5308,31848000,18061.586885213852,10,300,cfr,1000,10,3104,-493.06945176152294,interval
20260502-173235,1777768690.221716,319,1914000,7227.739278078079,5133,30798000,11134.453196048737,5452,32712000,18362.192474126816,5452,32712000,18362.192474126816,10,300,cfr,1000,10,3104,-1628.2999883502243,interval
20260502-173235,1777768990.6235971,319,1914000,7227.739278078079,5273,31638000,11434.849565029144,5592,33552000,18662.588843107224,5592,33552000,18662.588843107224,10,300,cfr,1000,10,3104,1053.1866368752771,interval
20260502-173235,1777769291.499994,319,1914000,7227.739278078079,5411,32466000,11735.731081962585,5730,34380000,18963.470360040665,5730,34380000,18963.470360040665,10,300,cfr,1000,10,3104,-525.9748814426783,interval
20260502-173235,1777769593.29651,319,1914000,7227.739278078079,5555,33330000,12037.525392770767,5874,35244000,19265.264670848846,5874,35244000,19265.264670848846,10,300,cfr,1000,10,3104,-1044.6512798542192,interval
20260502-173235,1777769894.756955,319,1914000,7227.739278078079,5700,34200000,12338.988353967667,6019,36114000,19566.727632045746,6019,36114000,19566.727632045746,10,300,cfr,1000,10,3104,395.6540592303452,interval
20260502-173235,1777770195.544689,319,1914000,7227.739278078079,5840,35040000,12639.772394895554,6159,36954000,19867.511672973633,6159,36954000,19867.511672973633,10,300,cfr,1000,10,3104,175.3357806624083,interval
20260502-173235,1777770497.5393438,319,1914000,7227.739278078079,5983,35898000,12941.767564058304,6302,37812000,20169.506842136383,6302,37812000,20169.506842136383,10,300,cfr,1000,10,3104,453.99303190503,interval
20260502-173235,1777770798.3473458,319,1914000,7227.739278078079,6128,36768000,13242.574915885925,6447,38682000,20470.314193964005,6447,38682000,20470.314193964005,10,300,cfr,1000,10,3104,116.605992489568,interval
20260502-173235,1777771100.0539079,319,1914000,7227.739278078079,6270,37620000,13544.282862901688,6589,39534000,20772.022140979767,6589,39534000,20772.022140979767,10,300,cfr,1000,10,3104,-86.76787189051277,interval
20260502-173235,1777771402.290227,319,1914000,7227.739278078079,6408,38448000,13846.516371965408,6727,40362000,21074.255650043488,6727,40362000,21074.255650043488,10,300,cfr,1000,10,3104,-267.1095583611359,interval
20260502-173235,1777771703.189835,319,1914000,7227.739278078079,6543,39258000,14147.417237997055,6862,41172000,21375.156516075134,6862,41172000,21375.156516075134,10,300,cfr,1000,10,3104,-1083.4349368894887,interval
20260502-173235,1777771955.92899,319,1914000,7227.739278078079,6652,39912000,14400.156327962875,6971,41826000,21627.895606040955,6971,41826000,21627.895606040955,10,300,cfr,1000,10,3104,-680.8240157393453,final
20260502-222802,1777775584.651733,0,0,0.0,134,804000,301.93833088874817,134,804000,301.93833088874817,134,804000,301.93833088874817,10,300,cfr,1000,10,6336,386.7775034864205,interval
20260502-222802,1777775886.065846,0,0,0.0,283,1698000,603.3591330051422,283,1698000,603.3591330051422,283,1698000,603.3591330051422,10,300,cfr,1000,10,6336,-2515.9840443476364,interval
20260502-222802,1777776186.9269161,0,0,0.0,432,2592000,904.2168688774109,432,2592000,904.2168688774109,432,2592000,904.2168688774109,10,300,cfr,1000,10,6336,1386.7926109115529,interval
20260502-222802,1777776487.1583529,0,0,0.0,578,3468000,1204.4446239471436,578,3468000,1204.4446239471436,578,3468000,1204.4446239471436,10,300,cfr,1000,10,6336,-189.2815610272957,interval
20260502-222802,1777776788.042531,0,0,0.0,719,4314000,1505.3269760608673,719,4314000,1505.3269760608673,719,4314000,1505.3269760608673,10,300,cfr,1000,10,6336,435.78975224398823,interval
20260502-222802,1777777088.129534,0,0,0.0,857,5142000,1805.4167029857635,857,5142000,1805.4167029857635,857,5142000,1805.4167029857635,10,300,cfr,1000,10,6336,-396.68861704896744,interval
20260502-222802,1777777389.946156,0,0,0.0,1003,6018000,2107.2312200069427,1003,6018000,2107.2312200069427,1003,6018000,2107.2312200069427,10,300,cfr,1000,10,6336,-670.812161840105,interval
20260502-222802,1777777691.269702,0,0,0.0,1144,6864000,2408.5607340335846,1144,6864000,2408.5607340335846,1144,6864000,2408.5607340335846,10,300,cfr,1000,10,6336,1547.598481659545,interval
20260502-222802,1777777991.8349519,0,0,0.0,1281,7686000,2709.1263501644135,1281,7686000,2709.1263501644135,1281,7686000,2709.1263501644135,10,300,cfr,1000,10,6336,-662.3088461997033,interval
20260502-222802,1777778293.594626,0,0,0.0,1418,8508000,3010.884995698929,1418,8508000,3010.884995698929,1418,8508000,3010.884995698929,10,300,cfr,1000,10,6336,2620.9876224816344,interval
20260502-222802,1777778593.8469691,0,0,0.0,1559,9354000,3311.1366488933563,1559,9354000,3311.1366488933563,1559,9354000,3311.1366488933563,10,300,cfr,1000,10,6336,-50.57618906245092,interval
20260502-222802,1777778893.98805,0,0,0.0,1702,10212000,3611.2739028930664,1702,10212000,3611.2739028930664,1702,10212000,3611.2739028930664,10,300,cfr,1000,10,6336,809.6561767252088,interval
20260502-222802,1777779196.146977,0,0,0.0,1840,11040000,3913.4392659664154,1840,11040000,3913.4392659664154,1840,11040000,3913.4392659664154,10,300,cfr,1000,10,6336,-217.74934984275183,interval
20260502-222802,1777779498.4518158,0,0,0.0,1976,11856000,4215.742019891739,1976,11856000,4215.742019891739,1976,11856000,4215.742019891739,10,300,cfr,1000,10,6336,851.5388141860459,interval
20260502-222802,1777779799.7513652,0,0,0.0,2112,12672000,4517.040814876556,2112,12672000,4517.040814876556,2112,12672000,4517.040814876556,10,300,cfr,1000,10,6336,-1651.0940605196856,interval
20260502-222802,1777780100.185884,0,0,0.0,2253,13518000,4817.477073907852,2253,13518000,4817.477073907852,2253,13518000,4817.477073907852,10,300,cfr,1000,10,6336,-598.7367559330376,interval
20260502-222802,1777780402.004569,0,0,0.0,2395,14370000,5119.292355060577,2395,14370000,5119.292355060577,2395,14370000,5119.292355060577,10,300,cfr,1000,10,6336,-187.90153563002136,interval
20260502-222802,1777780703.768311,0,0,0.0,2540,15240000,5421.058830022812,2540,15240000,5421.058830022812,2540,15240000,5421.058830022812,10,300,cfr,1000,10,6336,1323.4148610322986,interval
20260502-222802,1777781004.945559,0,0,0.0,2682,16092000,5722.234768867493,2682,16092000,5722.234768867493,2682,16092000,5722.234768867493,10,300,cfr,1000,10,6336,-1453.1397101600949,interval
20260502-222802,1777781305.402066,0,0,0.0,2821,16926000,6022.688740730286,2821,16926000,6022.688740730286,2821,16926000,6022.688740730286,10,300,cfr,1000,10,6336,759.5147982442951,interval
20260502-222802,1777781607.011022,0,0,0.0,2959,17754000,6324.3018617630005,2959,17754000,6324.3018617630005,2959,17754000,6324.3018617630005,10,300,cfr,1000,10,6336,-1375.0614304028563,interval
20260502-222802,1777781908.70435,0,0,0.0,3097,18582000,6625.993369102478,3097,18582000,6625.993369102478,3097,18582000,6625.993369102478,10,300,cfr,1000,10,6336,-1091.8514711639364,interval
20260502-222802,1777782210.6689348,0,0,0.0,3236,19416000,6927.95805478096,3236,19416000,6927.95805478096,3236,19416000,6927.95805478096,10,300,cfr,1000,10,6336,-127.55292254261411,interval
20260502-222802,1777782512.300205,0,0,0.0,3379,20274000,7229.588392972946,3379,20274000,7229.588392972946,3379,20274000,7229.588392972946,10,300,cfr,1000,10,6336,-139.29328520518408,interval
20260502-222802,1777782813.403281,0,0,0.0,3520,21120000,7530.692748069763,3520,21120000,7530.692748069763,3520,21120000,7530.692748069763,10,300,cfr,1000,10,6336,1028.0039790159512,interval
20260502-222802,1777783115.166213,0,0,0.0,3667,22002000,7832.451508998871,3667,22002000,7832.451508998871,3667,22002000,7832.451508998871,10,300,cfr,1000,10,6336,-110.31498679428228,interval
20260502-222802,1777783415.46478,0,0,0.0,3810,22860000,8132.754212856293,3810,22860000,8132.754212856293,3810,22860000,8132.754212856293,10,300,cfr,1000,10,6336,558.3266942484862,interval
20260502-222802,1777783716.505737,0,0,0.0,3951,23706000,8433.791632890701,3951,23706000,8433.791632890701,3951,23706000,8433.791632890701,10,300,cfr,1000,10,6336,83.49628533111348,interval
20260502-222802,1777784016.85427,0,0,0.0,4090,24540000,8734.142894029617,4090,24540000,8734.142894029617,4090,24540000,8734.142894029617,10,300,cfr,1000,10,6336,1481.0018670263303,interval
20260502-222802,1777784316.929297,0,0,0.0,4226,25356000,9034.215703010559,4226,25356000,9034.215703010559,4226,25356000,9034.215703010559,10,300,cfr,1000,10,6336,-736.0310103234442,interval
20260502-222802,1777784618.817357,0,0,0.0,4368,26208000,9336.104300022125,4368,26208000,9336.104300022125,4368,26208000,9336.104300022125,10,300,cfr,1000,10,6336,1599.5834614725045,interval
20260502-222802,1777784919.020143,0,0,0.0,4510,27060000,9636.30901503563,4510,27060000,9636.30901503563,4510,27060000,9636.30901503563,10,300,cfr,1000,10,6336,-507.37488065577395,interval
20260502-222802,1777785219.635359,0,0,0.0,4650,27900000,9936.927957057953,4650,27900000,9936.927957057953,4650,27900000,9936.927957057953,10,300,cfr,1000,10,6336,-1481.0794708859241,interval
20260502-222802,1777785519.996973,0,0,0.0,4787,28722000,10237.283488988876,4787,28722000,10237.283488988876,4787,28722000,10237.283488988876,10,300,cfr,1000,10,6336,312.9606841926974,interval
20260502-222802,1777785821.070417,0,0,0.0,4921,29526000,10538.362410068512,4921,29526000,10538.362410068512,4921,29526000,10538.362410068512,10,300,cfr,1000,10,6336,-730.421476041957,interval
20260502-222802,1777786122.543929,0,0,0.0,5056,30336000,10839.832176923752,5056,30336000,10839.832176923752,5056,30336000,10839.832176923752,10,300,cfr,1000,10,6336,351.059205695321,interval
20260502-222802,1777786424.411649,0,0,0.0,5189,31134000,11141.703534841537,5189,31134000,11141.703534841537,5189,31134000,11141.703534841537,10,300,cfr,1000,10,6336,-883.247093607238,interval
20260502-222802,1777786725.9950452,0,0,0.0,5321,31926000,11443.288719892502,5321,31926000,11443.288719892502,5321,31926000,11443.288719892502,10,300,cfr,1000,10,6336,813.5718426562814,interval
20260502-222802,1777787026.955432,0,0,0.0,5457,32742000,11744.244860887527,5457,32742000,11744.244860887527,5457,32742000,11744.244860887527,10,300,cfr,1000,10,6336,-576.035583719263,interval
20260502-222802,1777787327.498867,0,0,0.0,5596,33576000,12044.791157960892,5596,33576000,12044.791157960892,5596,33576000,12044.791157960892,10,300,cfr,1000,10,6336,-45.45758582471444,interval
20260502-222802,1777787629.4528692,0,0,0.0,5740,34440000,12346.744325876236,5740,34440000,12346.744325876236,5740,34440000,12346.744325876236,10,300,cfr,1000,10,6336,-1536.8693794361468,interval
20260502-222802,1777787929.9954848,0,0,0.0,5888,35328000,12647.283782958984,5888,35328000,12647.283782958984,5888,35328000,12647.283782958984,10,300,cfr,1000,10,6336,731.6603732481094,interval
20260502-222802,1777788231.7439601,0,0,0.0,6038,36228000,12949.035865783691,6038,36228000,12949.035865783691,6038,36228000,12949.035865783691,10,300,cfr,1000,10,6336,253.32717096329657,interval
20260502-222802,1777788532.723766,0,0,0.0,6185,37110000,13250.014148950577,6185,37110000,13250.014148950577,6185,37110000,13250.014148950577,10,300,cfr,1000,10,6336,-571.209549366695,interval
20260502-222802,1777788833.1379101,0,0,0.0,6328,37968000,13550.426138877869,6328,37968000,13550.426138877869,6328,37968000,13550.426138877869,10,300,cfr,1000,10,6336,1038.1672567920045,interval
20260502-222802,1777789134.7173162,0,0,0.0,6472,38832000,13852.004654169083,6472,38832000,13852.004654169083,6472,38832000,13852.004654169083,10,300,cfr,1000,10,6336,72.84871990127232,interval
20260502-222802,1777789435.340638,0,0,0.0,6617,39702000,14152.633708953857,6617,39702000,14152.633708953857,6617,39702000,14152.633708953857,10,300,cfr,1000,10,6336,-1130.1570537833175,interval
20260502-222802,1777789735.8581371,0,0,0.0,6762,40572000,14453.147984981537,6762,40572000,14453.147984981537,6762,40572000,14453.147984981537,10,300,cfr,1000,10,6336,-2286.1714915341418,interval
20260502-222802,1777790036.295962,0,0,0.0,6907,41442000,14753.583225727081,6907,41442000,14753.583225727081,6907,41442000,14753.583225727081,10,300,cfr,1000,10,6336,1369.5333197562434,interval
20260502-222802,1777790337.4705439,0,0,0.0,7052,42312000,15054.761976957321,7052,42312000,15054.761976957321,7052,42312000,15054.761976957321,10,300,cfr,1000,10,6336,765.9322281277161,interval
20260502-222802,1777790638.3086011,0,0,0.0,7196,43176000,15355.601325035095,7196,43176000,15355.601325035095,7196,43176000,15355.601325035095,10,300,cfr,1000,10,6336,-1355.0013640227892,interval
20260502-222802,1777790939.6754901,0,0,0.0,7339,44034000,15656.955757141113,7339,44034000,15656.955757141113,7339,44034000,15656.955757141113,10,300,cfr,1000,10,6336,-661.6246921987873,interval
20260502-222802,1777791241.654146,0,0,0.0,7482,44892000,15958.939250946045,7482,44892000,15958.939250946045,7482,44892000,15958.939250946045,10,300,cfr,1000,10,6336,-33.9229956128618,interval
20260502-222802,1777791542.595377,0,0,0.0,7621,45726000,16259.88565993309,7621,45726000,16259.88565993309,7621,45726000,16259.88565993309,10,300,cfr,1000,10,6336,-1982.1296583342496,interval
20260502-222802,1777791843.3763268,0,0,0.0,7761,46566000,16560.665000915527,7761,46566000,16560.665000915527,7761,46566000,16560.665000915527,10,300,cfr,1000,10,6336,-203.01911997312374,interval
20260502-222802,1777792143.9559228,0,0,0.0,7900,47400000,16861.24276304245,7900,47400000,16861.24276304245,7900,47400000,16861.24276304245,10,300,cfr,1000,10,6336,3224.020137798077,interval
20260502-222802,1777792444.417244,0,0,0.0,8038,48228000,17161.70773410797,8038,48228000,17161.70773410797,8038,48228000,17161.70773410797,10,300,cfr,1000,10,6336,-2572.074315509578,interval
20260502-222802,1777792745.65907,0,0,0.0,8178,49068000,17462.948329925537,8178,49068000,17462.948329925537,8178,49068000,17462.948329925537,10,300,cfr,1000,10,6336,-835.8866274032582,interval
20260502-222802,1777793046.746932,0,0,0.0,8319,49914000,17764.03508400917,8319,49914000,17764.03508400917,8319,49914000,17764.03508400917,10,300,cfr,1000,10,6336,-1868.2177973616554,interval
20260502-222802,1777793347.277395,0,0,0.0,8463,50778000,18064.565300941467,8463,50778000,18064.565300941467,8463,50778000,18064.565300941467,10,300,cfr,1000,10,6336,-120.6461225354,interval
20260502-222802,1777793648.6591191,0,0,0.0,8607,51642000,18365.948755025864,8607,51642000,18365.948755025864,8607,51642000,18365.948755025864,10,300,cfr,1000,10,6336,523.3167886710552,interval
20260502-222802,1777793950.771702,0,0,0.0,8749,52494000,18668.06446480751,8749,52494000,18668.06446480751,8749,52494000,18668.06446480751,10,300,cfr,1000,10,6336,966.3183520097482,interval
20260502-222802,1777794252.729721,0,0,0.0,8889,53334000,18970.01789999008,8889,53334000,18970.01789999008,8889,53334000,18970.01789999008,10,300,cfr,1000,10,6336,861.7000156812716,interval
20260502-222802,1777794554.021247,0,0,0.0,9026,54156000,19271.314745903015,9026,54156000,19271.314745903015,9026,54156000,19271.314745903015,10,300,cfr,1000,10,6336,674.1994665178366,interval
20260502-222802,1777794856.005881,0,0,0.0,9163,54978000,19573.292932748795,9163,54978000,19573.292932748795,9163,54978000,19573.292932748795,10,300,cfr,1000,10,6336,1039.8105527362995,interval
20260502-222802,1777795158.093629,0,0,0.0,9300,55800000,19875.384451150894,9300,55800000,19875.384451150894,9300,55800000,19875.384451150894,10,300,cfr,1000,10,6336,155.7306583412808,interval
20260502-222802,1777795459.492759,0,0,0.0,9439,56634000,20176.781679868698,9439,56634000,20176.781679868698,9439,56634000,20176.781679868698,10,300,cfr,1000,10,6336,239.98244040055334,interval
20260502-222802,1777795759.863186,0,0,0.0,9580,57480000,20477.152097940445,9580,57480000,20477.152097940445,9580,57480000,20477.152097940445,10,300,cfr,1000,10,6336,-350.0866362130233,interval
20260502-222802,1777796061.194942,0,0,0.0,9723,58338000,20778.481157779694,9723,58338000,20778.481157779694,9723,58338000,20778.481157779694,10,300,cfr,1000,10,6336,-849.633962847231,interval
20260502-222802,1777796362.268472,0,0,0.0,9865,59190000,21079.55740380287,9865,59190000,21079.55740380287,9865,59190000,21079.55740380287,10,300,cfr,1000,10,6336,-510.12447037055404,interval
20260502-222802,1777796662.4770088,0,0,0.0,10005,60030000,21379.76639699936,10005,60030000,21379.76639699936,10005,60030000,21379.76639699936,10,300,cfr,1000,10,6336,206.27161492797802,interval
20260502-222802,1777796964.1094122,0,0,0.0,10143,60858000,21681.40004992485,10143,60858000,21681.40004992485,10143,60858000,21681.40004992485,10,300,cfr,1000,10,6336,-835.5821824841946,interval
20260502-222802,1777797265.061857,0,0,0.0,10282,61692000,21982.353742837906,10282,61692000,21982.353742837906,10282,61692000,21982.353742837906,10,300,cfr,1000,10,6336,-1142.2647151911465,interval
20260502-222802,1777797566.694058,0,0,0.0,10423,62538000,22283.982094049454,10423,62538000,22283.982094049454,10423,62538000,22283.982094049454,10,300,cfr,1000,10,6336,967.347630368337,interval
20260502-222802,1777797867.833663,0,0,0.0,10564,63384000,22585.121913909912,10564,63384000,22585.121913909912,10564,63384000,22585.121913909912,10,300,cfr,1000,10,6336,-413.1106408228071,interval
20260502-222802,1777798168.13651,0,0,0.0,10704,64224000,22885.425181865692,10704,64224000,22885.425181865692,10704,64224000,22885.425181865692,10,300,cfr,1000,10,6336,-1231.3464356902946,interval
20260502-222802,1777798469.742023,0,0,0.0,10845,65070000,23187.028859853745,10845,65070000,23187.028859853745,10845,65070000,23187.028859853745,10,300,cfr,1000,10,6336,-1579.3776994351856,interval
20260502-222802,1777798770.879084,0,0,0.0,10984,65904000,23488.168548822403,10984,65904000,23488.168548822403,10984,65904000,23488.168548822403,10,300,cfr,1000,10,6336,-801.33770792499,interval
20260502-222802,1777799073.123497,0,0,0.0,11121,66726000,23790.41334795952,11121,66726000,23790.41334795952,11121,66726000,23790.41334795952,10,300,cfr,1000,10,6336,-2018.7298838244,interval
20260502-222802,1777799375.160179,0,0,0.0,11259,67554000,24092.448381900787,11259,67554000,24092.448381900787,11259,67554000,24092.448381900787,10,300,cfr,1000,10,6336,179.46159435465032,interval
20260502-222802,1777799675.814362,0,0,0.0,11396,68376000,24393.102612018585,11396,68376000,24393.102612018585,11396,68376000,24393.102612018585,10,300,cfr,1000,10,6336,803.3917599042611,interval
20260502-222802,1777799976.8963552,0,0,0.0,11531,69186000,24694.186522960663,11531,69186000,24694.186522960663,11531,69186000,24694.186522960663,10,300,cfr,1000,10,6336,-293.93243529746314,interval
20260502-222802,1777800277.168053,0,0,0.0,11666,69996000,24994.457362890244,11666,69996000,24994.457362890244,11666,69996000,24994.457362890244,10,300,cfr,1000,10,6336,419.1973246257768,interval
20260502-222802,1777800577.867211,0,0,0.0,11801,70806000,25295.154260873795,11801,70806000,25295.154260873795,11801,70806000,25295.154260873795,10,300,cfr,1000,10,6336,-639.7020799421618,interval
20260502-222802,1777800879.9112818,0,0,0.0,11937,71622000,25597.199142932892,11937,71622000,25597.199142932892,11937,71622000,25597.199142932892,10,300,cfr,1000,10,6336,-526.3942389875646,interval
20260502-222802,1777801181.190562,0,0,0.0,12071,72426000,25898.48266005516,12071,72426000,25898.48266005516,12071,72426000,25898.48266005516,10,300,cfr,1000,10,6336,-216.3905105570988,interval
20260502-222802,1777801481.740439,0,0,0.0,12203,73218000,26199.026290893555,12203,73218000,26199.026290893555,12203,73218000,26199.026290893555,10,300,cfr,1000,10,6336,651.8273360486075,interval
20260502-222802,1777801782.7045891,0,0,0.0,12338,74028000,26499.992037773132,12338,74028000,26499.992037773132,12338,74028000,26499.992037773132,10,300,cfr,1000,10,6336,-731.8889499976715,interval
20260502-222802,1777802083.5554838,0,0,0.0,12474,74844000,26800.84414792061,12474,74844000,26800.84414792061,12474,74844000,26800.84414792061,10,300,cfr,1000,10,6336,1073.6650352852366,interval
20260502-222802,1777802384.642014,0,0,0.0,12610,75660000,27101.934952020645,12610,75660000,27101.934952020645,12610,75660000,27101.934952020645,10,300,cfr,1000,10,6336,-1288.725321402214,interval
20260502-222802,1777802686.467515,0,0,0.0,12745,76470000,27403.760217905045,12745,76470000,27403.760217905045,12745,76470000,27403.760217905045,10,300,cfr,1000,10,6336,-253.91878983259414,interval
20260502-222802,1777802986.580068,0,0,0.0,12880,77280000,27703.87330508232,12880,77280000,27703.87330508232,12880,77280000,27703.87330508232,10,300,cfr,1000,10,6336,-1147.4366042027457,interval
20260502-222802,1777803286.648702,0,0,0.0,13018,78108000,28003.93565273285,13018,78108000,28003.93565273285,13018,78108000,28003.93565273285,10,300,cfr,1000,10,6336,-806.5445586534045,interval
20260502-222802,1777803588.719637,0,0,0.0,13157,78942000,28306.008079767227,13157,78942000,28306.008079767227,13157,78942000,28306.008079767227,10,300,cfr,1000,10,6336,309.39349064399505,interval
20260502-222802,1777803890.823004,0,0,0.0,13296,79776000,28608.1162481308,13296,79776000,28608.1162481308,13296,79776000,28608.1162481308,10,300,cfr,1000,10,6336,-1031.410433844419,interval
20260502-222802,1777804191.278483,0,0,0.0,13433,80598000,28908.571449756622,13433,80598000,28908.571449756622,13433,80598000,28908.571449756622,10,300,cfr,1000,10,6336,-1289.1114061088858,interval
20260502-222802,1777804492.178886,0,0,0.0,13570,81420000,29209.469877004623,13570,81420000,29209.469877004623,13570,81420000,29209.469877004623,10,300,cfr,1000,10,6336,382.95643963050003,interval
20260502-222802,1777804793.729044,0,0,0.0,13705,82230000,29511.018895864487,13705,82230000,29511.018895864487,13705,82230000,29511.018895864487,10,300,cfr,1000,10,6336,-713.0491127029106,interval
20260502-222802,1777805095.63522,0,0,0.0,13839,83034000,29812.926868915558,13839,83034000,29812.926868915558,13839,83034000,29812.926868915558,10,300,cfr,1000,10,6336,-1080.5015750978241,interval
20260502-222802,1777805396.628609,0,0,0.0,13971,83826000,30113.918603897095,13971,83826000,30113.918603897095,13971,83826000,30113.918603897095,10,300,cfr,1000,10,6336,761.469387240798,interval
20260502-222802,1777805697.0749052,0,0,0.0,14105,84630000,30414.36328983307,14105,84630000,30414.36328983307,14105,84630000,30414.36328983307,10,300,cfr,1000,10,6336,648.5274776294631,interval
20260502-222802,1777805997.438447,0,0,0.0,14241,85446000,30714.72864794731,14241,85446000,30714.72864794731,14241,85446000,30714.72864794731,10,300,cfr,1000,10,6336,1176.9419911202299,interval
20260502-222802,1777806297.6520472,0,0,0.0,14379,86274000,31014.942504882812,14379,86274000,31014.942504882812,14379,86274000,31014.942504882812,10,300,cfr,1000,10,6336,-1137.0744132564084,interval
20260502-222802,1777806597.8401,0,0,0.0,14522,87132000,31315.12806391716,14522,87132000,31315.12806391716,14522,87132000,31315.12806391716,10,300,cfr,1000,10,6336,-357.85467941748277,interval
20260502-222802,1777806899.2343009,0,0,0.0,14667,88002000,31616.522419929504,14667,88002000,31616.522419929504,14667,88002000,31616.522419929504,10,300,cfr,1000,10,6336,507.3826777503512,interval
20260502-222802,1777807200.447169,0,0,0.0,14814,88884000,31917.73370695114,14814,88884000,31917.73370695114,14814,88884000,31917.73370695114,10,300,cfr,1000,10,6336,-441.371954068671,interval
20260502-222802,1777807501.443035,0,0,0.0,14960,89760000,32218.73032283783,14960,89760000,32218.73032283783,14960,89760000,32218.73032283783,10,300,cfr,1000,10,6336,614.6976421639672,interval
20260502-222802,1777807802.4661179,0,0,0.0,15104,90624000,32519.75389289856,15104,90624000,32519.75389289856,15104,90624000,32519.75389289856,10,300,cfr,1000,10,6336,153.480367245492,interval
20260502-222802,1777808104.6125062,0,0,0.0,15247,91482000,32821.90008974075,15247,91482000,32821.90008974075,15247,91482000,32821.90008974075,10,300,cfr,1000,10,6336,411.2474812769958,interval
20260502-222802,1777808406.398499,0,0,0.0,15390,92340000,33123.691210985184,15390,92340000,33123.691210985184,15390,92340000,33123.691210985184,10,300,cfr,1000,10,6336,-396.96184453726755,interval
20260502-222802,1777808706.597526,0,0,0.0,15533,93198000,33423.887149095535,15533,93198000,33423.887149095535,15533,93198000,33423.887149095535,10,300,cfr,1000,10,6336,-431.28067084973026,interval
20260502-222802,1777809008.0513039,0,0,0.0,15678,94068000,33725.3359811306,15678,94068000,33725.3359811306,15678,94068000,33725.3359811306,10,300,cfr,1000,10,6336,1503.195689053091,interval
20260502-222802,1777809310.071753,0,0,0.0,15822,94932000,34027.35863876343,15822,94932000,34027.35863876343,15822,94932000,34027.35863876343,10,300,cfr,1000,10,6336,-742.0018852654957,interval
20260502-222802,1777809611.8893492,0,0,0.0,15963,95778000,34329.17465591431,15963,95778000,34329.17465591431,15963,95778000,34329.17465591431,10,300,cfr,1000,10,6336,-51.22252334249751,interval
20260502-222802,1777809912.391489,0,0,0.0,16100,96600000,34629.67330574989,16100,96600000,34629.67330574989,16100,96600000,34629.67330574989,10,300,cfr,1000,10,6336,255.32597720299492,interval
20260502-222802,1777810212.745982,0,0,0.0,16235,97410000,34930.0302259922,16235,97410000,34930.0302259922,16235,97410000,34930.0302259922,10,300,cfr,1000,10,6336,-1050.4927191348556,interval
20260502-222802,1777810513.505944,0,0,0.0,16371,98226000,35230.79621195793,16371,98226000,35230.79621195793,16371,98226000,35230.79621195793,10,300,cfr,1000,10,6336,-1261.3913910847727,interval
20260502-222802,1777810815.370464,0,0,0.0,16508,99048000,35532.66103196144,16508,99048000,35532.66103196144,16508,99048000,35532.66103196144,10,300,cfr,1000,10,6336,231.3334812374975,interval
20260502-222802,1777811116.5234401,0,0,0.0,16646,99876000,35833.81333875656,16646,99876000,35833.81333875656,16646,99876000,35833.81333875656,10,300,cfr,1000,10,6336,119.57427790091458,interval
20260502-222802,1777811417.3454669,0,0,0.0,16786,100716000,36134.63599205017,16786,100716000,36134.63599205017,16786,100716000,36134.63599205017,10,300,cfr,1000,10,6336,-450.72665361505494,interval
20260502-222802,1777811718.868059,0,0,0.0,16925,101550000,36436.160557985306,16925,101550000,36436.160557985306,16925,101550000,36436.160557985306,10,300,cfr,1000,10,6336,-1.4296500272698154,interval
20260502-222802,1777812020.178468,0,0,0.0,17061,102366000,36737.470225811005,17061,102366000,36737.470225811005,17061,102366000,36737.470225811005,10,300,cfr,1000,10,6336,-300.103798271012,interval
20260502-222802,1777812321.802592,0,0,0.0,17196,103176000,37039.093912124634,17196,103176000,37039.093912124634,17196,103176000,37039.093912124634,10,300,cfr,1000,10,6336,-1596.4603342509845,interval
20260502-222802,1777812622.6561239,0,0,0.0,17331,103986000,37339.949651002884,17331,103986000,37339.949651002884,17331,103986000,37339.949651002884,10,300,cfr,1000,10,6336,1544.9100045806167,interval
20260502-222802,1777812923.892748,0,0,0.0,17468,104808000,37641.18496990204,17468,104808000,37641.18496990204,17468,104808000,37641.18496990204,10,300,cfr,1000,10,6336,302.61667788228124,interval
20260502-222802,1777813225.623965,0,0,0.0,17606,105636000,37942.91415596008,17606,105636000,37942.91415596008,17606,105636000,37942.91415596008,10,300,cfr,1000,10,6336,1166.6124512565348,interval
20260502-222802,1777813526.480722,0,0,0.0,17742,106452000,38243.76965880394,17742,106452000,38243.76965880394,17742,106452000,38243.76965880394,10,300,cfr,1000,10,6336,648.7714280952493,interval
20260502-222802,1777813826.867873,0,0,0.0,17879,107274000,38544.15586900711,17879,107274000,38544.15586900711,17879,107274000,38544.15586900711,10,300,cfr,1000,10,6336,-105.90915313327676,interval
20260502-222802,1777814128.29341,0,0,0.0,18018,108108000,38845.58116674423,18018,108108000,38845.58116674423,18018,108108000,38845.58116674423,10,300,cfr,1000,10,6336,-321.46944117578687,interval
20260502-222802,1777814428.9220228,0,0,0.0,18159,108954000,39146.21171092987,18159,108954000,39146.21171092987,18159,108954000,39146.21171092987,10,300,cfr,1000,10,6336,801.9040095042401,interval
20260502-222802,1777814730.1594439,0,0,0.0,18300,109800000,39447.45166993141,18300,109800000,39447.45166993141,18300,109800000,39447.45166993141,10,300,cfr,1000,10,6336,-1323.2530474428677,interval
20260502-222802,1777815031.6215649,0,0,0.0,18442,110652000,39748.91181898117,18442,110652000,39748.91181898117,18442,110652000,39748.91181898117,10,300,cfr,1000,10,6336,393.775878295634,interval
20260502-222802,1777815333.6056168,0,0,0.0,18586,111516000,40050.89548587799,18586,111516000,40050.89548587799,18586,111516000,40050.89548587799,10,300,cfr,1000,10,6336,520.2132918019188,interval
20260502-222802,1777815634.19666,0,0,0.0,18730,112380000,40351.48135590553,18730,112380000,40351.48135590553,18730,112380000,40351.48135590553,10,300,cfr,1000,10,6336,-343.50047799586736,interval
20260502-222802,1777815935.898123,0,0,0.0,18875,113250000,40653.18645977974,18875,113250000,40653.18645977974,18875,113250000,40653.18645977974,10,300,cfr,1000,10,6336,-565.563814838159,interval
20260502-222802,1777816237.511281,0,0,0.0,19022,114132000,40954.801366090775,19022,114132000,40954.801366090775,19022,114132000,40954.801366090775,10,300,cfr,1000,10,6336,-643.2463062769423,interval
20260502-222802,1777816539.509234,0,0,0.0,19169,115014000,41256.79944181442,19169,115014000,41256.79944181442,19169,115014000,41256.79944181442,10,300,cfr,1000,10,6336,-296.89565027373453,interval
20260502-222802,1777816840.83147,0,0,0.0,19313,115878000,41558.11689090729,19313,115878000,41558.11689090729,19313,115878000,41558.11689090729,10,300,cfr,1000,10,6336,-934.6759100563007,interval
20260502-222802,1777817141.457424,0,0,0.0,19456,116736000,41858.74690294266,19456,116736000,41858.74690294266,19456,116736000,41858.74690294266,10,300,cfr,1000,10,6336,-1578.666051107969,interval
20260502-222802,1777817442.296003,0,0,0.0,19596,117576000,42159.586397886276,19596,117576000,42159.586397886276,19596,117576000,42159.586397886276,10,300,cfr,1000,10,6336,-87.96452146293069,interval
20260502-222802,1777817743.235418,0,0,0.0,19739,118434000,42460.529374837875,19739,118434000,42460.529374837875,19739,118434000,42460.529374837875,10,300,cfr,1000,10,6336,206.26169933379649,interval
20260502-222802,1777818044.221571,0,0,0.0,19884,119304000,42761.510150909424,19884,119304000,42761.510150909424,19884,119304000,42761.510150909424,10,300,cfr,1000,10,6336,1148.3486396608412,interval
20260502-222802,1777818345.4813561,0,0,0.0,19996,119976000,43062.718532800674,19996,119976000,43062.718532800674,19996,119976000,43062.718532800674,10,300,cfr,1000,10,6336,-539.4375079371719,interval
20260502-222802,1777818484.146595,0,0,0.0,20038,120228000,43201.386457920074,20038,120228000,43201.386457920074,20038,120228000,43201.386457920074,10,300,cfr,1000,10,6336,-210.29117336019954,final
20260503-174715,1777845189.650563,0,0,0.0,14,280000,354.0514602661133,14,280000,354.0514602661133,14,280000,354.0514602661133,10,1000,cfr_plus,1000,10,9696,-11592.241814615525,interval
20260503-174715,1777845854.447443,0,0,0.0,17,340000,1018.8527181148529,17,340000,1018.8527181148529,17,340000,1018.8527181148529,10,1000,cfr_plus,1000,10,9696,-7352.129051892614,interval
20260503-174715,1777846214.430371,0,0,0.0,21,420000,1378.8528163433075,21,420000,1378.8528163433075,21,420000,1378.8528163433075,10,1000,cfr_plus,1000,10,9696,-4793.484292831341,interval
20260503-174715,1777846696.65562,0,0,0.0,24,480000,1861.0428643226624,24,480000,1861.0428643226624,24,480000,1861.0428643226624,10,1000,cfr_plus,1000,10,9696,-2638.768452460632,interval
20260503-174715,1777847002.0180101,0,0,0.0,45,900000,2166.4378423690796,45,900000,2166.4378423690796,45,900000,2166.4378423690796,10,1000,cfr_plus,1000,10,9696,-6861.796364357801,interval
20260503-174715,1777847314.4053938,0,0,0.0,66,1320000,2478.8259332180023,66,1320000,2478.8259332180023,66,1320000,2478.8259332180023,10,1000,cfr_plus,1000,10,9696,-9012.895527316665,interval
20260503-174715,1777847622.5619469,0,0,0.0,84,1680000,2786.9295852184296,84,1680000,2786.9295852184296,84,1680000,2786.9295852184296,10,1000,cfr_plus,1000,10,9696,-569.28414507369,interval
20260503-174715,1777847929.972867,0,0,0.0,90,1800000,3094.3304302692413,90,1800000,3094.3304302692413,90,1800000,3094.3304302692413,10,1000,cfr_plus,1000,10,9696,-4380.434404998085,interval
20260503-174715,1777848243.000167,0,0,0.0,108,2160000,3407.418211221695,108,2160000,3407.418211221695,108,2160000,3407.418211221695,10,1000,cfr_plus,1000,10,9696,-4100.948458120072,interval
20260503-174715,1777848557.691926,0,0,0.0,130,2600000,3722.106611251831,130,2600000,3722.106611251831,130,2600000,3722.106611251831,10,1000,cfr_plus,1000,10,9696,-4759.390671370624,interval
20260503-174715,1777848868.516382,0,0,0.0,151,3020000,4032.9371230602264,151,3020000,4032.9371230602264,151,3020000,4032.9371230602264,10,1000,cfr_plus,1000,10,9696,-10232.772094647285,interval
20260503-174715,1777849178.485464,0,0,0.0,172,3440000,4342.904734373093,172,3440000,4342.904734373093,172,3440000,4342.904734373093,10,1000,cfr_plus,1000,10,9696,-6035.612448096684,interval
20260503-174715,1777849485.630157,0,0,0.0,192,3840000,4650.025167226791,192,3840000,4650.025167226791,192,3840000,4650.025167226791,10,1000,cfr_plus,1000,10,9696,-451.1334784312546,interval
20260503-174715,1777849800.241843,0,0,0.0,214,4280000,4964.660306215286,214,4280000,4964.660306215286,214,4280000,4964.660306215286,10,1000,cfr_plus,1000,10,9696,-4674.51471293713,interval
20260503-174715,1777850104.908113,0,0,0.0,236,4720000,5269.325345039368,236,4720000,5269.325345039368,236,4720000,5269.325345039368,10,1000,cfr_plus,1000,10,9696,-589.6893199658317,interval
20260503-174715,1777850406.203051,0,0,0.0,258,5160000,5570.620621204376,258,5160000,5570.620621204376,258,5160000,5570.620621204376,10,1000,cfr_plus,1000,10,9696,-3214.161423782782,interval
20260503-174715,1777850713.430327,0,0,0.0,280,5600000,5877.736656188965,280,5600000,5877.736656188965,280,5600000,5877.736656188965,10,1000,cfr_plus,1000,10,9696,-7045.183037968208,interval
20260503-174715,1777851015.7525382,0,0,0.0,302,6040000,6180.172794103622,302,6040000,6180.172794103622,302,6040000,6180.172794103622,10,1000,cfr_plus,1000,10,9696,-3020.3084923088704,interval
20260503-174715,1777851328.0208561,0,0,0.0,325,6500000,6492.434857368469,325,6500000,6492.434857368469,325,6500000,6492.434857368469,10,1000,cfr_plus,1000,10,9696,-9149.516012051161,interval
20260503-174715,1777851636.0420969,0,0,0.0,348,6960000,6800.458388090134,348,6960000,6800.458388090134,348,6960000,6800.458388090134,10,1000,cfr_plus,1000,10,9696,-4017.5542619047887,interval
20260503-174715,1777851948.2890291,0,0,0.0,370,7400000,7112.696252346039,370,7400000,7112.696252346039,370,7400000,7112.696252346039,10,1000,cfr_plus,1000,10,9696,-5746.072535811086,interval
20260503-174715,1777852250.038412,0,0,0.0,401,8020000,7414.525530099869,401,8020000,7414.525530099869,401,8020000,7414.525530099869,10,1000,cfr_plus,1000,10,9696,-2288.078057325947,interval
20260503-174715,1777852557.4817789,0,0,0.0,440,8800000,7721.97354722023,440,8800000,7721.97354722023,440,8800000,7721.97354722023,10,1000,cfr_plus,1000,10,9696,-3369.547665027763,interval
20260503-174715,1777852862.684629,0,0,0.0,479,9580000,8027.1732132434845,479,9580000,8027.1732132434845,479,9580000,8027.1732132434845,10,1000,cfr_plus,1000,10,9696,-707.5895301950295,interval
20260503-174715,1777853169.151325,0,0,0.0,518,10360000,8333.629451036453,518,10360000,8333.629451036453,518,10360000,8333.629451036453,10,1000,cfr_plus,1000,10,9696,-2812.448476355868,interval
20260503-174715,1777853473.9748821,0,0,0.0,558,11160000,8638.45290017128,558,11160000,8638.45290017128,558,11160000,8638.45290017128,10,1000,cfr_plus,1000,10,9696,-2828.4830319267867,interval
20260503-174715,1777853774.957691,0,0,0.0,598,11960000,8939.446550130844,598,11960000,8939.446550130844,598,11960000,8939.446550130844,10,1000,cfr_plus,1000,10,9696,-1728.4993364222858,interval
20260503-174715,1777854079.385778,0,0,0.0,638,12760000,9243.876639127731,638,12760000,9243.876639127731,638,12760000,9243.876639127731,10,1000,cfr_plus,1000,10,9696,-1079.1446872939312,interval
20260503-174715,1777854383.275073,0,0,0.0,678,13560000,9547.766530036926,678,13560000,9547.766530036926,678,13560000,9547.766530036926,10,1000,cfr_plus,1000,10,9696,575.5173515284747,interval
20260503-174715,1777854687.2131279,0,0,0.0,718,14360000,9851.702220201492,718,14360000,9851.702220201492,718,14360000,9851.702220201492,10,1000,cfr_plus,1000,10,9696,-4329.19522996571,interval
20260503-174715,1777854991.3987331,0,0,0.0,758,15160000,10155.890613079071,758,15160000,10155.890613079071,758,15160000,10155.890613079071,10,1000,cfr_plus,1000,10,9696,1660.9974380547444,interval
20260503-174715,1777855294.614809,0,0,0.0,798,15960000,10459.104974269867,798,15960000,10459.104974269867,798,15960000,10459.104974269867,10,1000,cfr_plus,1000,10,9696,-472.1645229087135,interval
20260503-174715,1777855597.211987,0,0,0.0,838,16760000,10761.70415520668,838,16760000,10761.70415520668,838,16760000,10761.70415520668,10,1000,cfr_plus,1000,10,9696,-4855.9397213990005,interval
20260503-174715,1777855899.918459,0,0,0.0,878,17560000,11064.400611162186,878,17560000,11064.400611162186,878,17560000,11064.400611162186,10,1000,cfr_plus,1000,10,9696,783.9254436299075,interval
20260503-174715,1777856206.4735081,0,0,0.0,918,18360000,11370.966014385223,918,18360000,11370.966014385223,918,18360000,11370.966014385223,10,1000,cfr_plus,1000,10,9696,-2573.263981701922,interval
20260503-174715,1777856507.218302,0,0,0.0,957,19140000,11671.708885192871,957,19140000,11671.708885192871,957,19140000,11671.708885192871,10,1000,cfr_plus,1000,10,9696,-1522.3982089741457,interval
20260503-174715,1777856814.1110551,0,0,0.0,997,19940000,11978.46496629715,997,19940000,11978.46496629715,997,19940000,11978.46496629715,10,1000,cfr_plus,1000,10,9696,-3654.178698643159,interval
20260503-174715,1777857118.139104,0,0,0.0,1037,20740000,12282.626657009125,1037,20740000,12282.626657009125,1037,20740000,12282.626657009125,10,1000,cfr_plus,1000,10,9696,-7118.4791611777755,interval
20260503-174715,1777857424.3767428,0,0,0.0,1077,21540000,12588.868307352066,1077,21540000,12588.868307352066,1077,21540000,12588.868307352066,10,1000,cfr_plus,1000,10,9696,1858.184197232217,interval
20260503-174715,1777857730.780231,0,0,0.0,1117,22340000,12895.271913290024,1117,22340000,12895.271913290024,1117,22340000,12895.271913290024,10,1000,cfr_plus,1000,10,9696,-3226.2986526905074,interval
20260503-174715,1777858032.103911,0,0,0.0,1156,23120000,13196.59537100792,1156,23120000,13196.59537100792,1156,23120000,13196.59537100792,10,1000,cfr_plus,1000,10,9696,-1858.7263784854676,interval
20260503-174715,1777858334.619474,0,0,0.0,1195,23900000,13499.106447219849,1195,23900000,13499.106447219849,1195,23900000,13499.106447219849,10,1000,cfr_plus,1000,10,9696,751.2845394767467,interval
20260503-174715,1777858641.1320262,0,0,0.0,1235,24700000,13805.62066936493,1235,24700000,13805.62066936493,1235,24700000,13805.62066936493,10,1000,cfr_plus,1000,10,9696,-2464.6266284521607,interval
20260503-174715,1777858944.447744,0,0,0.0,1274,25480000,14108.927737236023,1274,25480000,14108.927737236023,1274,25480000,14108.927737236023,10,1000,cfr_plus,1000,10,9696,-4673.724009397394,interval
20260503-174715,1777859249.2781498,0,0,0.0,1314,26280000,14413.762294054031,1314,26280000,14413.762294054031,1314,26280000,14413.762294054031,10,1000,cfr_plus,1000,10,9696,-6500.094540506054,interval
20260503-174715,1777859551.958005,0,0,0.0,1351,27020000,14716.440246105194,1351,27020000,14716.440246105194,1351,27020000,14716.440246105194,10,1000,cfr_plus,1000,10,9696,963.5448343652076,interval
20260503-174715,1777859855.699735,0,0,0.0,1391,27820000,15020.18822813034,1391,27820000,15020.18822813034,1391,27820000,15020.18822813034,10,1000,cfr_plus,1000,10,9696,-3995.4983291356957,interval
20260503-174715,1777860158.640569,0,0,0.0,1430,28600000,15323.127832174301,1430,28600000,15323.127832174301,1430,28600000,15323.127832174301,10,1000,cfr_plus,1000,10,9696,-2899.5897117159025,interval
20260503-174715,1777860461.419442,0,0,0.0,1469,29380000,15625.907828330994,1469,29380000,15625.907828330994,1469,29380000,15625.907828330994,10,1000,cfr_plus,1000,10,9696,674.1974657198841,interval
20260503-174715,1777860767.67036,0,0,0.0,1509,30180000,15932.15982913971,1509,30180000,15932.15982913971,1509,30180000,15932.15982913971,10,1000,cfr_plus,1000,10,9696,1504.0492949111572,interval
20260503-174715,1777861068.649811,0,0,0.0,1548,30960000,16233.14242219925,1548,30960000,16233.14242219925,1548,30960000,16233.14242219925,10,1000,cfr_plus,1000,10,9696,-2653.822489705307,interval
20260503-174715,1777861375.500763,0,0,0.0,1588,31760000,16539.9817841053,1588,31760000,16539.9817841053,1588,31760000,16539.9817841053,10,1000,cfr_plus,1000,10,9696,-1734.0594725153876,interval
20260503-174715,1777861681.403636,0,0,0.0,1628,32560000,16845.888969421387,1628,32560000,16845.888969421387,1628,32560000,16845.888969421387,10,1000,cfr_plus,1000,10,9696,4682.562725461692,interval
20260503-174715,1777861985.3057761,0,0,0.0,1668,33360000,17149.79342317581,1668,33360000,17149.79342317581,1668,33360000,17149.79342317581,10,1000,cfr_plus,1000,10,9696,-5246.876914608654,interval
20260503-174715,1777862289.973258,0,0,0.0,1708,34160000,17454.455003261566,1708,34160000,17454.455003261566,1708,34160000,17454.455003261566,10,1000,cfr_plus,1000,10,9696,-7256.853383244685,interval
20260503-174715,1777862593.339062,0,0,0.0,1748,34960000,17757.83113718033,1748,34960000,17757.83113718033,1748,34960000,17757.83113718033,10,1000,cfr_plus,1000,10,9696,3086.4339080361183,interval
20260503-174715,1777862897.443222,0,0,0.0,1788,35760000,18061.933751106262,1788,35760000,18061.933751106262,1788,35760000,18061.933751106262,10,1000,cfr_plus,1000,10,9696,-4260.0896658884985,interval
20260503-174715,1777863202.028394,0,0,0.0,1828,36560000,18366.51458311081,1828,36560000,18366.51458311081,1828,36560000,18366.51458311081,10,1000,cfr_plus,1000,10,9696,-1316.5946291353926,interval
20260503-174715,1777863508.370904,0,0,0.0,1868,37360000,18672.862933158875,1868,37360000,18672.862933158875,1868,37360000,18672.862933158875,10,1000,cfr_plus,1000,10,9696,-3584.174989428444,interval
20260503-174715,1777863813.0726998,0,0,0.0,1908,38160000,18977.561669111252,1908,38160000,18977.561669111252,1908,38160000,18977.561669111252,10,1000,cfr_plus,1000,10,9696,-2566.7065207699043,interval
20260503-174715,1777864113.584151,0,0,0.0,1948,38960000,19278.07089829445,1948,38960000,19278.07089829445,1948,38960000,19278.07089829445,10,1000,cfr_plus,1000,10,9696,-111.50451086513539,interval
20260503-174715,1777864420.648299,0,0,0.0,1989,39780000,19585.140052080154,1989,39780000,19585.140052080154,1989,39780000,19585.140052080154,10,1000,cfr_plus,1000,10,9696,991.3900603910118,interval
20260503-174715,1777864726.993776,0,0,0.0,2030,40600000,19891.482315063477,2030,40600000,19891.482315063477,2030,40600000,19891.482315063477,10,1000,cfr_plus,1000,10,9696,779.2898049321202,interval
20260503-174715,1777865033.9011421,0,0,0.0,2071,41420000,20198.38789510727,2071,41420000,20198.38789510727,2071,41420000,20198.38789510727,10,1000,cfr_plus,1000,10,9696,-3709.2012763615394,interval
20260503-174715,1777865339.432735,0,0,0.0,2112,42240000,20503.917637109756,2112,42240000,20503.917637109756,2112,42240000,20503.917637109756,10,1000,cfr_plus,1000,10,9696,-5959.123899378968,interval
20260503-174715,1777865641.036314,0,0,0.0,2153,43060000,20805.521697044373,2153,43060000,20805.521697044373,2153,43060000,20805.521697044373,10,1000,cfr_plus,1000,10,9696,485.92299548184974,interval
20260503-174715,1777865944.503534,0,0,0.0,2194,43880000,21108.992435216904,2194,43880000,21108.992435216904,2194,43880000,21108.992435216904,10,1000,cfr_plus,1000,10,9696,-7264.057194776103,interval
20260503-174715,1777866251.934407,0,0,0.0,2234,44680000,21416.421507120132,2234,44680000,21416.421507120132,2234,44680000,21416.421507120132,10,1000,cfr_plus,1000,10,9696,3223.098674297441,interval
20260503-174715,1777866553.8545961,0,0,0.0,2273,45460000,21718.343863248825,2273,45460000,21718.343863248825,2273,45460000,21718.343863248825,10,1000,cfr_plus,1000,10,9696,151.2648471081762,interval
20260503-174715,1777866857.232594,0,0,0.0,2313,46260000,22021.717813014984,2313,46260000,22021.717813014984,2313,46260000,22021.717813014984,10,1000,cfr_plus,1000,10,9696,-1775.4217755111895,interval
20260503-174715,1777867158.485214,0,0,0.0,2354,47080000,22322.967410326004,2354,47080000,22322.967410326004,2354,47080000,22322.967410326004,10,1000,cfr_plus,1000,10,9696,211.2322629767525,interval
20260503-174715,1777867462.8278568,0,0,0.0,2396,47920000,22627.309591054916,2396,47920000,22627.309591054916,2396,47920000,22627.309591054916,10,1000,cfr_plus,1000,10,9696,-1281.3466809905715,interval
20260503-174715,1777867768.713475,0,0,0.0,2438,48760000,22933.19725227356,2438,48760000,22933.19725227356,2438,48760000,22933.19725227356,10,1000,cfr_plus,1000,10,9696,-665.1716067296388,interval
20260503-174715,1777868074.4671202,0,0,0.0,2480,49600000,23238.954151153564,2480,49600000,23238.954151153564,2480,49600000,23238.954151153564,10,1000,cfr_plus,1000,10,9696,2488.2742059996885,interval
20260503-174715,1777868376.377877,0,0,0.0,2521,50420000,23540.85808634758,2521,50420000,23540.85808634758,2521,50420000,23540.85808634758,10,1000,cfr_plus,1000,10,9696,-5657.986493140584,interval
20260503-174715,1777868683.415512,0,0,0.0,2562,51240000,23847.897130012512,2562,51240000,23847.897130012512,2562,51240000,23847.897130012512,10,1000,cfr_plus,1000,10,9696,-4861.506498285077,interval
20260503-174715,1777868986.436648,0,0,0.0,2604,52080000,24150.92426609993,2604,52080000,24150.92426609993,2604,52080000,24150.92426609993,10,1000,cfr_plus,1000,10,9696,-5347.419835183622,interval
20260503-174715,1777869291.945798,0,0,0.0,2646,52920000,24456.421530246735,2646,52920000,24456.421530246735,2646,52920000,24456.421530246735,10,1000,cfr_plus,1000,10,9696,-1718.4162762866688,interval
20260503-174715,1777869596.459435,0,0,0.0,2688,53760000,24760.94221520424,2688,53760000,24760.94221520424,2688,53760000,24760.94221520424,10,1000,cfr_plus,1000,10,9696,-630.4151670954071,interval
20260503-174715,1777869902.934102,0,0,0.0,2730,54600000,25067.419988155365,2730,54600000,25067.419988155365,2730,54600000,25067.419988155365,10,1000,cfr_plus,1000,10,9696,-7139.1718886333365,interval
20260503-174715,1777870208.827138,0,0,0.0,2771,55420000,25373.31034231186,2771,55420000,25373.31034231186,2771,55420000,25373.31034231186,10,1000,cfr_plus,1000,10,9696,-3533.9682039695854,interval
20260503-174715,1777870509.191915,0,0,0.0,2811,56220000,25673.668796300888,2811,56220000,25673.668796300888,2811,56220000,25673.668796300888,10,1000,cfr_plus,1000,10,9696,-1201.4046402152205,interval
20260503-174715,1777870809.348416,0,0,0.0,2851,57020000,25973.833408117294,2851,57020000,25973.833408117294,2851,57020000,25973.833408117294,10,1000,cfr_plus,1000,10,9696,-1582.7139071735692,interval
20260503-174715,1777871109.9643772,0,0,0.0,2891,57820000,26274.446916103363,2891,57820000,26274.446916103363,2891,57820000,26274.446916103363,10,1000,cfr_plus,1000,10,9696,-359.22650487310034,interval
20260503-174715,1777871417.332171,0,0,0.0,2932,58640000,26581.819459199905,2932,58640000,26581.819459199905,2932,58640000,26581.819459199905,10,1000,cfr_plus,1000,10,9696,999.2354096833543,interval
20260503-174715,1777871723.009911,0,0,0.0,2973,59460000,26887.489418029785,2973,59460000,26887.489418029785,2973,59460000,26887.489418029785,10,1000,cfr_plus,1000,10,9696,2809.6176811689807,interval
20260503-174715,1777872028.1558442,0,0,0.0,3014,60280000,27192.640572309494,3014,60280000,27192.640572309494,3014,60280000,27192.640572309494,10,1000,cfr_plus,1000,10,9696,-2759.074920408597,interval
20260503-174715,1777872334.642852,0,0,0.0,3055,61100000,27499.132400274277,3055,61100000,27499.132400274277,3055,61100000,27499.132400274277,10,1000,cfr_plus,1000,10,9696,-270.00669777205655,interval
20260503-174715,1777872638.4042492,0,0,0.0,3096,61920000,27802.892136335373,3096,61920000,27802.892136335373,3096,61920000,27802.892136335373,10,1000,cfr_plus,1000,10,9696,-3570.596108577807,interval
20260503-174715,1777872941.990247,0,0,0.0,3137,62740000,28106.47868323326,3137,62740000,28106.47868323326,3137,62740000,28106.47868323326,10,1000,cfr_plus,1000,10,9696,892.7901204120229,interval
20260503-174715,1777873248.341318,0,0,0.0,3178,63560000,28412.834351301193,3178,63560000,28412.834351301193,3178,63560000,28412.834351301193,10,1000,cfr_plus,1000,10,9696,-500.11863619383405,interval
20260503-174715,1777873554.067977,0,0,0.0,3219,64380000,28718.554896116257,3219,64380000,28718.554896116257,3219,64380000,28718.554896116257,10,1000,cfr_plus,1000,10,9696,-1407.7612479076936,interval
20260503-174715,1777873859.552719,0,0,0.0,3260,65200000,29024.033877134323,3260,65200000,29024.033877134323,3260,65200000,29024.033877134323,10,1000,cfr_plus,1000,10,9696,-2696.8627329807578,interval
20260503-174715,1777874164.398093,0,0,0.0,3301,66020000,29328.884670972824,3301,66020000,29328.884670972824,3301,66020000,29328.884670972824,10,1000,cfr_plus,1000,10,9696,-2664.897500778552,interval
20260503-174715,1777874468.232073,0,0,0.0,3342,66840000,29632.719969034195,3342,66840000,29632.719969034195,3342,66840000,29632.719969034195,10,1000,cfr_plus,1000,10,9696,2551.759784753602,interval
20260503-174715,1777874772.4698071,0,0,0.0,3383,67660000,29936.953173160553,3383,67660000,29936.953173160553,3383,67660000,29936.953173160553,10,1000,cfr_plus,1000,10,9696,-2219.363478091229,interval
20260503-174715,1777875075.3301911,0,0,0.0,3424,68480000,30239.810583114624,3424,68480000,30239.810583114624,3424,68480000,30239.810583114624,10,1000,cfr_plus,1000,10,9696,-6176.339726020236,interval
20260503-174715,1777875378.5315819,0,0,0.0,3465,69300000,30543.012577056885,3465,69300000,30543.012577056885,3465,69300000,30543.012577056885,10,1000,cfr_plus,1000,10,9696,-3247.6394919976337,interval
20260503-174715,1777875682.026251,0,0,0.0,3506,70120000,30846.5132291317,3506,70120000,30846.5132291317,3506,70120000,30846.5132291317,10,1000,cfr_plus,1000,10,9696,1790.1998335181927,interval
20260503-174715,1777875983.299396,0,0,0.0,3547,70940000,31147.784053087234,3547,70940000,31147.784053087234,3547,70940000,31147.784053087234,10,1000,cfr_plus,1000,10,9696,-6447.5067163152635,interval
20260503-174715,1777876283.925892,0,0,0.0,3588,71760000,31448.40714597702,3588,71760000,31448.40714597702,3588,71760000,31448.40714597702,10,1000,cfr_plus,1000,10,9696,-7416.5672116082615,interval
20260503-174715,1777876584.869762,0,0,0.0,3629,72580000,31749.356776237488,3629,72580000,31749.356776237488,3629,72580000,31749.356776237488,10,1000,cfr_plus,1000,10,9696,2285.130341527007,interval
20260503-174715,1777876885.365372,0,0,0.0,3670,73400000,32049.8455350399,3670,73400000,32049.8455350399,3670,73400000,32049.8455350399,10,1000,cfr_plus,1000,10,9696,-6475.391430690856,interval
20260503-174715,1777877186.0543392,0,0,0.0,3711,74220000,32350.54181623459,3711,74220000,32350.54181623459,3711,74220000,32350.54181623459,10,1000,cfr_plus,1000,10,9696,-716.4013381806177,interval
20260503-174715,1777877487.524875,0,0,0.0,3752,75040000,32652.007127046585,3752,75040000,32652.007127046585,3752,75040000,32652.007127046585,10,1000,cfr_plus,1000,10,9696,-4113.65320235137,interval
20260503-174715,1777877787.795407,0,0,0.0,3793,75860000,32952.27602100372,3793,75860000,32952.27602100372,3793,75860000,32952.27602100372,10,1000,cfr_plus,1000,10,9696,-2465.548379278061,interval
20260503-174715,1777878089.9356108,0,0,0.0,3834,76680000,33254.42143321037,3834,76680000,33254.42143321037,3834,76680000,33254.42143321037,10,1000,cfr_plus,1000,10,9696,-436.9389006169989,interval
20260503-174715,1777878390.955884,0,0,0.0,3875,77500000,33555.44679236412,3875,77500000,33555.44679236412,3875,77500000,33555.44679236412,10,1000,cfr_plus,1000,10,9696,2903.9092583941433,interval
20260503-174715,1777878694.3353841,0,0,0.0,3916,78320000,33858.81546521187,3916,78320000,33858.81546521187,3916,78320000,33858.81546521187,10,1000,cfr_plus,1000,10,9696,3344.1176171550305,interval
20260503-174715,1777878998.067413,0,0,0.0,3957,79140000,34162.545523405075,3957,79140000,34162.545523405075,3957,79140000,34162.545523405075,10,1000,cfr_plus,1000,10,9696,1213.5968876480315,interval
20260503-174715,1777879302.544014,0,0,0.0,3998,79960000,34467.02780628204,3998,79960000,34467.02780628204,3998,79960000,34467.02780628204,10,1000,cfr_plus,1000,10,9696,-8047.319443091878,interval
20260503-174715,1777879605.7651331,0,0,0.0,4039,80780000,34770.245252132416,4039,80780000,34770.245252132416,4039,80780000,34770.245252132416,10,1000,cfr_plus,1000,10,9696,-1784.0108981021012,interval
20260503-174715,1777879909.11335,0,0,0.0,4080,81600000,35073.59538936615,4080,81600000,35073.59538936615,4080,81600000,35073.59538936615,10,1000,cfr_plus,1000,10,9696,2522.167579134705,interval
20260503-174715,1777880211.6852732,0,0,0.0,4121,82420000,35376.171421289444,4121,82420000,35376.171421289444,4121,82420000,35376.171421289444,10,1000,cfr_plus,1000,10,9696,-4377.206632000922,interval
20260503-174715,1777880516.2750258,0,0,0.0,4162,83240000,35680.75218629837,4162,83240000,35680.75218629837,4162,83240000,35680.75218629837,10,1000,cfr_plus,1000,10,9696,-2200.543476769621,interval
20260503-174715,1777880816.501665,0,0,0.0,4202,84040000,35980.976615190506,4202,84040000,35980.976615190506,4202,84040000,35980.976615190506,10,1000,cfr_plus,1000,10,9696,-1657.9530709558508,interval
20260503-174715,1777881118.036754,0,0,0.0,4242,84840000,36282.52498936653,4242,84840000,36282.52498936653,4242,84840000,36282.52498936653,10,1000,cfr_plus,1000,10,9696,2359.9406839042563,interval
20260503-174715,1777881419.675413,0,0,0.0,4282,85640000,36584.16216516495,4282,85640000,36584.16216516495,4282,85640000,36584.16216516495,10,1000,cfr_plus,1000,10,9696,-381.94045932880334,interval
20260503-174715,1777881720.701516,0,0,0.0,4322,86440000,36885.18017101288,4322,86440000,36885.18017101288,4322,86440000,36885.18017101288,10,1000,cfr_plus,1000,10,9696,-1279.6084169673968,interval
20260503-174715,1777882027.387499,0,0,0.0,4363,87260000,37191.87104725838,4363,87260000,37191.87104725838,4363,87260000,37191.87104725838,10,1000,cfr_plus,1000,10,9696,3821.5193031574427,interval
20260503-174715,1777882328.0220711,0,0,0.0,4403,88060000,37492.50750422478,4403,88060000,37492.50750422478,4403,88060000,37492.50750422478,10,1000,cfr_plus,1000,10,9696,-2751.093784707557,interval
20260503-174715,1777882628.666731,0,0,0.0,4443,88860000,37793.14294719696,4443,88860000,37793.14294719696,4443,88860000,37793.14294719696,10,1000,cfr_plus,1000,10,9696,-2129.6402712853355,interval
20260503-174715,1777882930.218336,0,0,0.0,4483,89660000,38094.698080062866,4483,89660000,38094.698080062866,4483,89660000,38094.698080062866,10,1000,cfr_plus,1000,10,9696,-2144.5276830233133,interval
20260503-174715,1777883231.651465,0,0,0.0,4523,90460000,38396.13176822662,4523,90460000,38396.13176822662,4523,90460000,38396.13176822662,10,1000,cfr_plus,1000,10,9696,-1910.6996203956692,interval
20260503-174715,1777883533.2066371,0,0,0.0,4563,91260000,38697.688672065735,4563,91260000,38697.688672065735,4563,91260000,38697.688672065735,10,1000,cfr_plus,1000,10,9696,-1151.7722035581662,interval
20260503-174715,1777883835.3670778,0,0,0.0,4603,92060000,38999.8506193161,4603,92060000,38999.8506193161,4603,92060000,38999.8506193161,10,1000,cfr_plus,1000,10,9696,-5469.14741045197,interval
20260503-174715,1777884136.488002,0,0,0.0,4643,92860000,39300.97246003151,4643,92860000,39300.97246003151,4643,92860000,39300.97246003151,10,1000,cfr_plus,1000,10,9696,-3651.637753024907,interval
20260503-174715,1777884443.983582,0,0,0.0,4684,93680000,39608.471892118454,4684,93680000,39608.471892118454,4684,93680000,39608.471892118454,10,1000,cfr_plus,1000,10,9696,-2656.5471075044393,interval
20260503-174715,1777884750.406734,0,0,0.0,4725,94500000,39914.896386146545,4725,94500000,39914.896386146545,4725,94500000,39914.896386146545,10,1000,cfr_plus,1000,10,9696,-1023.8852363926784,interval
20260503-174715,1777885051.359352,0,0,0.0,4765,95300000,40215.846952199936,4765,95300000,40215.846952199936,4765,95300000,40215.846952199936,10,1000,cfr_plus,1000,10,9696,-9201.686547044157,interval
20260503-174715,1777885353.860248,0,0,0.0,4805,96100000,40518.340682029724,4805,96100000,40518.340682029724,4805,96100000,40518.340682029724,10,1000,cfr_plus,1000,10,9696,746.8767502788473,interval
20260503-174715,1777885655.301464,0,0,0.0,4845,96900000,40819.782083272934,4845,96900000,40819.782083272934,4845,96900000,40819.782083272934,10,1000,cfr_plus,1000,10,9696,292.3318809280202,interval
20260503-174715,1777885956.5493782,0,0,0.0,4885,97700000,41121.02726817131,4885,97700000,41121.02726817131,4885,97700000,41121.02726817131,10,1000,cfr_plus,1000,10,9696,-4104.772302763649,interval
20260503-174715,1777886258.923906,0,0,0.0,4925,98500000,41423.413112163544,4925,98500000,41423.413112163544,4925,98500000,41423.413112163544,10,1000,cfr_plus,1000,10,9696,-1368.5694028254056,interval
20260503-174715,1777886561.416914,0,0,0.0,4965,99300000,41725.89288234711,4965,99300000,41725.89288234711,4965,99300000,41725.89288234711,10,1000,cfr_plus,1000,10,9696,-2613.7194571080026,interval
20260503-174715,1777886865.0678332,0,0,0.0,5005,100100000,42029.55214738846,5005,100100000,42029.55214738846,5005,100100000,42029.55214738846,10,1000,cfr_plus,1000,10,9696,-1864.3253863047364,interval
20260503-174715,1777887168.794739,0,0,0.0,5045,100900000,42333.281843185425,5045,100900000,42333.281843185425,5045,100900000,42333.281843185425,10,1000,cfr_plus,1000,10,9696,-512.5259961466647,interval
20260503-174715,1777887470.7837389,0,0,0.0,5085,101700000,42635.26627039909,5085,101700000,42635.26627039909,5085,101700000,42635.26627039909,10,1000,cfr_plus,1000,10,9696,-3963.8820807108555,interval
20260503-174715,1777887772.374093,0,0,0.0,5125,102500000,42936.85399508476,5125,102500000,42936.85399508476,5125,102500000,42936.85399508476,10,1000,cfr_plus,1000,10,9696,-6115.25372521316,interval
20260503-174715,1777888074.801263,0,0,0.0,5165,103300000,43239.28344917297,5165,103300000,43239.28344917297,5165,103300000,43239.28344917297,10,1000,cfr_plus,1000,10,9696,-6704.680853481374,interval
20260503-174715,1777888376.2060301,0,0,0.0,5205,104100000,43540.69426727295,5205,104100000,43540.69426727295,5205,104100000,43540.69426727295,10,1000,cfr_plus,1000,10,9696,-1958.9834254053249,interval
20260503-174715,1777888677.455016,0,0,0.0,5245,104900000,43841.944392204285,5245,104900000,43841.944392204285,5245,104900000,43841.944392204285,10,1000,cfr_plus,1000,10,9696,868.8304973174238,interval
20260503-174715,1777888977.860768,0,0,0.0,5285,105700000,44142.34033823013,5285,105700000,44142.34033823013,5285,105700000,44142.34033823013,10,1000,cfr_plus,1000,10,9696,268.2757709869584,interval
20260503-174715,1777889285.3880372,0,0,0.0,5326,106520000,44449.86319899559,5326,106520000,44449.86319899559,5326,106520000,44449.86319899559,10,1000,cfr_plus,1000,10,9696,-2726.5059453479225,interval
20260503-174715,1777889585.861374,0,0,0.0,5366,107320000,44750.339397192,5366,107320000,44750.339397192,5366,107320000,44750.339397192,10,1000,cfr_plus,1000,10,9696,4897.728293940625,interval
20260503-174715,1777889893.0948539,0,0,0.0,5407,108140000,45057.580659389496,5407,108140000,45057.580659389496,5407,108140000,45057.580659389496,10,1000,cfr_plus,1000,10,9696,-2263.847604973431,interval
20260503-174715,1777890194.124348,0,0,0.0,5447,108940000,45358.59887909889,5447,108940000,45358.59887909889,5447,108940000,45358.59887909889,10,1000,cfr_plus,1000,10,9696,-3250.139765527612,interval
20260503-174715,1777890498.9801338,0,0,0.0,5488,109760000,45663.46054816246,5488,109760000,45663.46054816246,5488,109760000,45663.46054816246,10,1000,cfr_plus,1000,10,9696,24.18907943530712,interval
20260503-174715,1777890802.6879308,0,0,0.0,5529,110580000,45967.17028141022,5529,110580000,45967.17028141022,5529,110580000,45967.17028141022,10,1000,cfr_plus,1000,10,9696,-953.4407004673982,interval
20260503-174715,1777891106.160587,0,0,0.0,5570,111400000,46270.64738416672,5570,111400000,46270.64738416672,5570,111400000,46270.64738416672,10,1000,cfr_plus,1000,10,9696,-6914.004276044685,interval
20260503-174715,1777891409.5074618,0,0,0.0,5611,112220000,46573.98672938347,5611,112220000,46573.98672938347,5611,112220000,46573.98672938347,10,1000,cfr_plus,1000,10,9696,-2551.3002197427245,interval
20260503-174715,1777891714.3960829,0,0,0.0,5652,113040000,46878.88223838806,5652,113040000,46878.88223838806,5652,113040000,46878.88223838806,10,1000,cfr_plus,1000,10,9696,-6165.744125406598,interval
20260503-174715,1777892019.1186419,0,0,0.0,5693,113860000,47183.602340221405,5693,113860000,47183.602340221405,5693,113860000,47183.602340221405,10,1000,cfr_plus,1000,10,9696,-2424.545469605904,interval
20260503-174715,1777892321.506927,0,0,0.0,5734,114680000,47485.99940609932,5734,114680000,47485.99940609932,5734,114680000,47485.99940609932,10,1000,cfr_plus,1000,10,9696,-1295.5766054380224,interval
20260503-174715,1777892624.0946681,0,0,0.0,5775,115500000,47788.587650060654,5775,115500000,47788.587650060654,5775,115500000,47788.587650060654,10,1000,cfr_plus,1000,10,9696,-4979.2257148225035,interval
20260503-174715,1777892929.711647,0,0,0.0,5816,116320000,48094.19435715675,5816,116320000,48094.19435715675,5816,116320000,48094.19435715675,10,1000,cfr_plus,1000,10,9696,2640.8808536343013,interval
20260503-174715,1777893233.410093,0,0,0.0,5857,117140000,48397.89406514168,5857,117140000,48397.89406514168,5857,117140000,48397.89406514168,10,1000,cfr_plus,1000,10,9696,1715.641548235396,interval
20260503-174715,1777893537.7584388,0,0,0.0,5898,117960000,48702.24197912216,5898,117960000,48702.24197912216,5898,117960000,48702.24197912216,10,1000,cfr_plus,1000,10,9696,525.3184601155534,interval
20260503-174715,1777893842.086043,0,0,0.0,5938,118760000,49006.57706904411,5938,118760000,49006.57706904411,5938,118760000,49006.57706904411,10,1000,cfr_plus,1000,10,9696,-4829.277515785641,interval
20260503-174715,1777894146.654262,0,0,0.0,5979,119580000,49311.139753341675,5979,119580000,49311.139753341675,5979,119580000,49311.139753341675,10,1000,cfr_plus,1000,10,9696,-3359.8288400130546,interval
20260503-174715,1777894449.030978,0,0,0.0,6020,120400000,49613.5071721077,6020,120400000,49613.5071721077,6020,120400000,49613.5071721077,10,1000,cfr_plus,1000,10,9696,-2167.1910730355457,interval
20260503-174715,1777894752.525818,0,0,0.0,6061,121220000,49917.014107227325,6061,121220000,49917.014107227325,6061,121220000,49917.014107227325,10,1000,cfr_plus,1000,10,9696,-4566.52299584233,interval
20260503-174715,1777895054.4219992,0,0,0.0,6102,122040000,50218.89559817314,6102,122040000,50218.89559817314,6102,122040000,50218.89559817314,10,1000,cfr_plus,1000,10,9696,-2109.277728923782,interval
20260503-174715,1777895357.624013,0,0,0.0,6143,122860000,50522.11418008804,6143,122860000,50522.11418008804,6143,122860000,50522.11418008804,10,1000,cfr_plus,1000,10,9696,-844.4517700675565,interval
20260503-174715,1777895662.802304,0,0,0.0,6184,123680000,50827.289122104645,6184,123680000,50827.289122104645,6184,123680000,50827.289122104645,10,1000,cfr_plus,1000,10,9696,-1381.8921973687923,interval
20260503-174715,1777895966.410959,0,0,0.0,6225,124500000,51130.89934897423,6225,124500000,51130.89934897423,6225,124500000,51130.89934897423,10,1000,cfr_plus,1000,10,9696,4394.628705707273,interval
20260503-174715,1777896273.2912278,0,0,0.0,6266,125320000,51437.77439117432,6266,125320000,51437.77439117432,6266,125320000,51437.77439117432,10,1000,cfr_plus,1000,10,9696,-5265.686038697039,interval
20260503-174715,1777896577.7504551,0,0,0.0,6307,126140000,51742.24260520935,6307,126140000,51742.24260520935,6307,126140000,51742.24260520935,10,1000,cfr_plus,1000,10,9696,3981.3315507255356,interval
20260503-174715,1777896884.3775842,0,0,0.0,6348,126960000,52048.86616706848,6348,126960000,52048.86616706848,6348,126960000,52048.86616706848,10,1000,cfr_plus,1000,10,9696,-5688.1008339354885,interval
20260503-174715,1777897185.100121,0,0,0.0,6388,127760000,52349.58108329773,6388,127760000,52349.58108329773,6388,127760000,52349.58108329773,10,1000,cfr_plus,1000,10,9696,-2763.7611488903817,interval
20260503-174715,1777897486.82422,0,0,0.0,6428,128560000,52651.31089735031,6428,128560000,52651.31089735031,6428,128560000,52651.31089735031,10,1000,cfr_plus,1000,10,9696,318.89578125953545,interval
20260503-174715,1777897787.3904278,0,0,0.0,6468,129360000,52951.87478303909,6468,129360000,52951.87478303909,6468,129360000,52951.87478303909,10,1000,cfr_plus,1000,10,9696,-2994.276293061362,interval
20260503-174715,1777898090.331872,0,0,0.0,6508,130160000,53254.824360370636,6508,130160000,53254.824360370636,6508,130160000,53254.824360370636,10,1000,cfr_plus,1000,10,9696,2646.605675557145,interval
20260503-174715,1777898392.677773,0,0,0.0,6548,130960000,53557.16874432564,6548,130960000,53557.16874432564,6548,130960000,53557.16874432564,10,1000,cfr_plus,1000,10,9696,-955.1582939529724,interval
20260503-174715,1777898693.173522,0,0,0.0,6588,131760000,53857.66589522362,6588,131760000,53857.66589522362,6588,131760000,53857.66589522362,10,1000,cfr_plus,1000,10,9696,-1851.7605992680053,interval
20260503-174715,1777898998.7365592,0,0,0.0,6629,132580000,54163.22555422783,6629,132580000,54163.22555422783,6629,132580000,54163.22555422783,10,1000,cfr_plus,1000,10,9696,-916.4928400851222,interval
20260503-174715,1777899305.016812,0,0,0.0,6670,133400000,54469.507145404816,6670,133400000,54469.507145404816,6670,133400000,54469.507145404816,10,1000,cfr_plus,1000,10,9696,-2462.030711948908,interval
20260503-174715,1777899608.065731,0,0,0.0,6711,134220000,54772.55524301529,6711,134220000,54772.55524301529,6711,134220000,54772.55524301529,10,1000,cfr_plus,1000,10,9696,2882.4110433557944,interval
20260503-174715,1777899911.668253,0,0,0.0,6752,135040000,55076.155368328094,6752,135040000,55076.155368328094,6752,135040000,55076.155368328094,10,1000,cfr_plus,1000,10,9696,1864.3070595750974,interval
20260503-174715,1777900216.9266272,0,0,0.0,6793,135860000,55381.41047716141,6793,135860000,55381.41047716141,6793,135860000,55381.41047716141,10,1000,cfr_plus,1000,10,9696,2442.701252969187,interval
20260503-174715,1777900523.53298,0,0,0.0,6834,136680000,55688.01236319542,6834,136680000,55688.01236319542,6834,136680000,55688.01236319542,10,1000,cfr_plus,1000,10,9696,-1975.2275553270422,interval
20260503-174715,1777900829.2736151,0,0,0.0,6875,137500000,55993.75394201279,6875,137500000,55993.75394201279,6875,137500000,55993.75394201279,10,1000,cfr_plus,1000,10,9696,1093.4351444693527,interval
20260503-174715,1777901131.83709,0,0,0.0,6916,138320000,56296.3235373497,6916,138320000,56296.3235373497,6916,138320000,56296.3235373497,10,1000,cfr_plus,1000,10,9696,-493.19265903058795,interval
20260503-174715,1777901435.957011,0,0,0.0,6957,139140000,56600.438249349594,6957,139140000,56600.438249349594,6957,139140000,56600.438249349594,10,1000,cfr_plus,1000,10,9696,-3445.760926445547,interval
20260503-174715,1777901738.731968,0,0,0.0,6998,139960000,56903.220610141754,6998,139960000,56903.220610141754,6998,139960000,56903.220610141754,10,1000,cfr_plus,1000,10,9696,-2072.504677079676,interval
20260503-174715,1777902041.4560168,0,0,0.0,7039,140780000,57205.9485270977,7039,140780000,57205.9485270977,7039,140780000,57205.9485270977,10,1000,cfr_plus,1000,10,9696,4171.065314688155,interval
20260503-174715,1777902345.973635,0,0,0.0,7080,141600000,57510.458819150925,7080,141600000,57510.458819150925,7080,141600000,57510.458819150925,10,1000,cfr_plus,1000,10,9696,-1472.5326337778959,interval
20260503-174715,1777902438.2978969,0,0,0.0,7092,141840000,57602.78906226158,7092,141840000,57602.78906226158,7092,141840000,57602.78906226158,10,1000,cfr_plus,1000,10,9696,-2507.1779975116774,final
20260504-101909,1777904650.5521228,20038,120228000,43201.386457920074,104,624000,300.5731997489929,20142,120852000,43501.95965766907,20142,120852000,43501.95965766907,10,300,cfr,1000,10,6336,-571.5013511016704,interval
20260504-101909,1777904952.1779919,20038,120228000,43201.386457920074,257,1542000,602.2029850482941,20295,121770000,43803.58944296837,20295,121770000,43803.58944296837,10,300,cfr,1000,10,6336,403.1372270690034,interval
20260504-101909,1777905252.9693089,20038,120228000,43201.386457920074,411,2466000,902.991103887558,20449,122694000,44104.37756180763,20449,122694000,44104.37756180763,10,300,cfr,1000,10,6336,-1067.703224413152,interval
20260504-101909,1777905553.046718,20038,120228000,43201.386457920074,567,3402000,1203.0741488933563,20605,123630000,44404.46060681343,20605,123630000,44404.46060681343,10,300,cfr,1000,10,6336,-47.53710447180811,interval
20260504-101909,1777905853.5204349,20038,120228000,43201.386457920074,722,4332000,1503.5483510494232,20760,124560000,44704.9348089695,20760,124560000,44704.9348089695,10,300,cfr,1000,10,6336,-614.47559811651,interval
20260504-101909,1777906154.374023,20038,120228000,43201.386457920074,877,5262000,1804.398983001709,20915,125490000,45005.78544092178,20915,125490000,45005.78544092178,10,300,cfr,1000,10,6336,137.6561669613892,interval
20260504-101909,1777906454.991049,20038,120228000,43201.386457920074,1034,6204000,2105.0145449638367,21072,126432000,45306.40100288391,21072,126432000,45306.40100288391,10,300,cfr,1000,10,6336,-652.4822521471392,interval
20260504-101909,1777906756.8364532,20038,120228000,43201.386457920074,1196,7176000,2406.8645210266113,21234,127404000,45608.250978946686,21234,127404000,45608.250978946686,10,300,cfr,1000,10,6336,1422.420777831719,interval
20260504-101909,1777907057.8972878,20038,120228000,43201.386457920074,1358,8148000,2707.9212789535522,21396,128376000,45909.30773687363,21396,128376000,45909.30773687363,10,300,cfr,1000,10,6336,-894.2963372378541,interval
20260504-101909,1777907358.429651,20038,120228000,43201.386457920074,1520,9120000,3008.4524857997894,21558,129348000,46209.838943719864,21558,129348000,46209.838943719864,10,300,cfr,1000,10,6336,-1493.1952456574393,interval
20260504-101909,1777907659.742389,20038,120228000,43201.386457920074,1681,10086000,3309.7654588222504,21719,130314000,46511.151916742325,21719,130314000,46511.151916742325,10,300,cfr,1000,10,6336,1514.1664258314677,interval
20260504-101909,1777907961.5825331,20038,120228000,43201.386457920074,1841,11046000,3611.600471973419,21879,131274000,46812.986929893494,21879,131274000,46812.986929893494,10,300,cfr,1000,10,6336,-794.963230696257,interval
20260504-101909,1777908262.372244,20038,120228000,43201.386457920074,1997,11982000,3912.3946120738983,22035,132210000,47113.78106999397,22035,132210000,47113.78106999397,10,300,cfr,1000,10,6336,1121.0763102617746,interval
20260504-101909,1777908563.855221,20038,120228000,43201.386457920074,2151,12906000,4213.8741681575775,22189,133134000,47415.26062607765,22189,133134000,47415.26062607765,10,300,cfr,1000,10,6336,752.7491053023875,interval
20260504-101909,1777908864.60895,20038,120228000,43201.386457920074,2303,13818000,4514.633614063263,22341,134046000,47716.02007198334,22341,134046000,47716.02007198334,10,300,cfr,1000,10,6336,798.5881001208547,interval
20260504-101909,1777909164.668032,20038,120228000,43201.386457920074,2447,14682000,4814.690616846085,22485,134910000,48016.07707476616,22485,134910000,48016.07707476616,10,300,cfr,1000,10,6336,801.5852040569366,interval
20260504-101909,1777909466.465769,20038,120228000,43201.386457920074,2594,15564000,5116.490558862686,22632,135792000,48317.87701678276,22632,135792000,48317.87701678276,10,300,cfr,1000,10,6336,-616.0323649716846,interval
20260504-101909,1777909767.105292,20038,120228000,43201.386457920074,2740,16440000,5417.133068084717,22778,136668000,48618.51952600479,22778,136668000,48618.51952600479,10,300,cfr,1000,10,6336,-16.01876104197737,interval
20260504-101909,1777910068.120225,20038,120228000,43201.386457920074,2886,17316000,5718.146594047546,22924,137544000,48919.53305196762,22924,137544000,48919.53305196762,10,300,cfr,1000,10,6336,123.70203047447296,interval
20260504-101909,1777910369.940783,20038,120228000,43201.386457920074,3034,18204000,6019.96422290802,23072,138432000,49221.350680828094,23072,138432000,49221.350680828094,10,300,cfr,1000,10,6336,1261.7099640523365,interval
20260504-101909,1777910670.7578702,20038,120228000,43201.386457920074,3179,19074000,6320.781332015991,23217,139302000,49522.167789936066,23217,139302000,49522.167789936066,10,300,cfr,1000,10,6336,425.87744580798903,interval
20260504-101909,1777910971.00025,20038,120228000,43201.386457920074,3323,19938000,6621.02205491066,23361,140166000,49822.408512830734,23361,140166000,49822.408512830734,10,300,cfr,1000,10,6336,-590.3113561812044,interval
20260504-101909,1777911272.6787221,20038,120228000,43201.386457920074,3473,20838000,6922.699363946915,23511,141066000,50124.08582186699,23511,141066000,50124.08582186699,10,300,cfr,1000,10,6336,-402.4529827451387,interval
20260504-101909,1777911551.7385159,20038,120228000,43201.386457920074,3615,21690000,7201.76658987999,23653,141918000,50403.153047800064,23653,141918000,50403.153047800064,10,300,cfr,1000,10,6336,1092.22282980332,final
20260504-122353,1777912135.643117,23653,141918000,50403.153047800064,157,942000,301.879595041275,23810,142860000,50705.03264284134,23810,142860000,50705.03264284134,10,300,cfr,1000,10,6336,-821.2658561917264,interval
20260504-122353,1777912435.895419,23653,141918000,50403.153047800064,310,1860000,602.1331357955933,23963,143778000,51005.28618359566,23963,143778000,51005.28618359566,10,300,cfr,1000,10,6336,-412.94908322829303,interval
20260504-122353,1777912736.4430778,23653,141918000,50403.153047800064,468,2808000,902.6798107624054,24121,144726000,51305.83285856247,24121,144726000,51305.83285856247,10,300,cfr,1000,10,6336,-305.8578074281652,interval
20260504-122353,1777913037.104507,23653,141918000,50403.153047800064,627,3762000,1203.3424739837646,24280,145680000,51606.49552178383,24280,145680000,51606.49552178383,10,300,cfr,1000,10,6336,-181.8628498866612,interval
20260504-122353,1777913338.553982,23653,141918000,50403.153047800064,786,4716000,1504.7866139411926,24439,146634000,51907.93966174126,24439,146634000,51907.93966174126,10,300,cfr,1000,10,6336,-24.01253752032474,interval
20260504-122353,1777913640.312245,23653,141918000,50403.153047800064,946,5676000,1806.5475058555603,24599,147594000,52209.700553655624,24599,147594000,52209.700553655624,10,300,cfr,1000,10,6336,-1827.9562057796934,interval
20260504-122353,1777913941.063144,23653,141918000,50403.153047800064,1101,6606000,2107.298316717148,24754,148524000,52510.45136451721,24754,148524000,52510.45136451721,10,300,cfr,1000,10,6336,-944.8919704052894,interval
20260504-122353,1777914242.450148,23653,141918000,50403.153047800064,1253,7518000,2408.6876878738403,24906,149436000,52811.840735673904,24906,149436000,52811.840735673904,10,300,cfr,1000,10,6336,230.59059098542235,interval
20260504-122353,1777914542.740624,23653,141918000,50403.153047800064,1404,8424000,2708.9748528003693,25057,150342000,53112.12790060043,25057,150342000,53112.12790060043,10,300,cfr,1000,10,6336,387.55851276807834,interval
20260504-122353,1777914843.47855,23653,141918000,50403.153047800064,1555,9330000,3009.7152557373047,25208,151248000,53412.86830353737,25208,151248000,53412.86830353737,10,300,cfr,1000,10,6336,711.8150874192613,interval
20260504-122353,1777915143.7195399,23653,141918000,50403.153047800064,1705,10230000,3309.954248905182,25358,152148000,53713.107296705246,25358,152148000,53713.107296705246,10,300,cfr,1000,10,6336,-311.45667549242717,interval
20260504-122353,1777915443.856412,23653,141918000,50403.153047800064,1853,11118000,3610.0919618606567,25506,153036000,54013.24500966072,25506,153036000,54013.24500966072,10,300,cfr,1000,10,6336,-363.86868418585766,interval
20260504-122353,1777915744.3318982,23653,141918000,50403.153047800064,2000,12000000,3910.569126844406,25653,153918000,54313.72217464447,25653,153918000,54313.72217464447,10,300,cfr,1000,10,6336,125.39235646345601,interval
20260504-122353,1777916044.530665,23653,141918000,50403.153047800064,2147,12882000,4210.769349813461,25800,154800000,54613.922397613525,25800,154800000,54613.922397613525,10,300,cfr,1000,10,6336,823.1188448090385,interval
20260504-122353,1777916345.610647,23653,141918000,50403.153047800064,2293,13758000,4511.8470339775085,25946,155676000,54915.00008177757,25946,155676000,54915.00008177757,10,300,cfr,1000,10,6336,426.78431026203924,interval
20260504-122353,1777916647.679609,23653,141918000,50403.153047800064,2439,14634000,4813.91579079628,26092,156552000,55217.068838596344,26092,156552000,55217.068838596344,10,300,cfr,1000,10,6336,606.8400466223818,interval
20260504-122353,1777916948.301464,23653,141918000,50403.153047800064,2582,15492000,5114.536235809326,26235,157410000,55517.68928360939,26235,157410000,55517.68928360939,10,300,cfr,1000,10,6336,-710.7766821624477,interval
20260504-122353,1777917250.218085,23653,141918000,50403.153047800064,2727,16362000,5416.458913803101,26380,158280000,55819.611961603165,26380,158280000,55819.611961603165,10,300,cfr,1000,10,6336,-23.601066928715028,interval
20260504-122353,1777917551.361048,23653,141918000,50403.153047800064,2873,17238000,5717.602130889893,26526,159156000,56120.75517868996,26526,159156000,56120.75517868996,10,300,cfr,1000,10,6336,523.9482273367839,interval
20260504-122353,1777917853.3063948,23653,141918000,50403.153047800064,3021,18126000,6019.548132896423,26674,160044000,56422.70118069649,26674,160044000,56422.70118069649,10,300,cfr,1000,10,6336,-393.58369003702586,interval
20260504-122353,1777918154.298369,23653,141918000,50403.153047800064,3169,19014000,6320.536748886108,26822,160932000,56723.68979668617,26822,160932000,56723.68979668617,10,300,cfr,1000,10,6336,383.69102311884876,interval
20260504-122353,1777918456.012684,23653,141918000,50403.153047800064,3321,19926000,6622.253458976746,26974,161844000,57025.40650677681,26974,161844000,57025.40650677681,10,300,cfr,1000,10,6336,959.7716158510266,interval
20260504-122353,1777918757.907768,23653,141918000,50403.153047800064,3476,20856000,6924.143475055695,27129,162774000,57327.29652285576,27129,162774000,57327.29652285576,10,300,cfr,1000,10,6336,83.63390664905944,interval
20260504-122353,1777919058.755144,23653,141918000,50403.153047800064,3631,21786000,7224.993207931519,27284,163704000,57628.14625573158,27284,163704000,57628.14625573158,10,300,cfr,1000,10,6336,-328.1333859237808,interval
20260504-122353,1777919358.9588711,23653,141918000,50403.153047800064,3785,22710000,7525.197796821594,27438,164628000,57928.35084462166,27438,164628000,57928.35084462166,10,300,cfr,1000,10,6336,-1322.925718982042,interval
20260504-122353,1777919660.244443,23653,141918000,50403.153047800064,3938,23628000,7826.481219768524,27591,165546000,58229.63426756859,27591,165546000,58229.63426756859,10,300,cfr,1000,10,6336,-1567.198727115532,interval
20260504-122353,1777919961.823819,23653,141918000,50403.153047800064,4091,24546000,8128.060277938843,27744,166464000,58531.21332573891,27744,166464000,58531.21332573891,10,300,cfr,1000,10,6336,384.38180632974434,interval
20260504-122353,1777920263.1821032,23653,141918000,50403.153047800064,4243,25458000,8429.415529966354,27896,167376000,58832.56857776642,27896,167376000,58832.56857776642,10,300,cfr,1000,10,6336,-926.3883154236368,interval
20260504-122353,1777920563.5023239,23653,141918000,50403.153047800064,4393,26358000,8729.739329099655,28046,168276000,59132.89237689972,28046,168276000,59132.89237689972,10,300,cfr,1000,10,6336,-425.2717623556639,interval
20260504-122353,1777920865.086824,23653,141918000,50403.153047800064,4544,27264000,9031.323161840439,28197,169182000,59434.4762096405,28197,169182000,59434.4762096405,10,300,cfr,1000,10,6336,258.9787672305972,interval
20260504-122353,1777921166.31932,23653,141918000,50403.153047800064,4696,28176000,9332.559225797653,28349,170094000,59735.71227359772,28349,170094000,59735.71227359772,10,300,cfr,1000,10,6336,-215.38998026710922,interval
20260504-122353,1777921466.677341,23653,141918000,50403.153047800064,4847,29082000,9632.916500091553,28500,171000000,60036.06954789162,28500,171000000,60036.06954789162,10,300,cfr,1000,10,6336,-145.25903553305398,interval
20260504-122353,1777921766.9141278,23653,141918000,50403.153047800064,4996,29976000,9933.152867794037,28649,171894000,60336.3059155941,28649,171894000,60336.3059155941,10,300,cfr,1000,10,6336,143.76972789731684,interval
20260504-122353,1777922068.797226,23653,141918000,50403.153047800064,5145,30870000,10235.033514022827,28798,172788000,60638.18656182289,28798,172788000,60638.18656182289,10,300,cfr,1000,10,6336,-16.67034056896705,interval
20260504-122353,1777922370.765107,23653,141918000,50403.153047800064,5295,31770000,10536.996686935425,28948,173688000,60940.14973473549,28948,173688000,60940.14973473549,10,300,cfr,1000,10,6336,958.2332272665863,interval
20260504-122353,1777922670.920521,23653,141918000,50403.153047800064,5445,32670000,10837.157794713974,29098,174588000,61240.31084251404,29098,174588000,61240.31084251404,10,300,cfr,1000,10,6336,673.8886331741564,interval
20260504-122353,1777922971.247207,23653,141918000,50403.153047800064,5595,33570000,11137.486476898193,29248,175488000,61540.63952469826,29248,175488000,61540.63952469826,10,300,cfr,1000,10,6336,-464.4666041700296,interval
20260504-122353,1777923273.323343,23653,141918000,50403.153047800064,5741,34446000,11439.562504053116,29394,176364000,61842.71555185318,29394,176364000,61842.71555185318,10,300,cfr,1000,10,6336,-377.82037433880845,interval
20260504-122353,1777923573.4037602,23653,141918000,50403.153047800064,5886,35316000,11739.641550779343,29539,177234000,62142.79459857941,29539,177234000,62142.79459857941,10,300,cfr,1000,10,6336,-297.83903484469,interval
20260504-122353,1777923873.836094,23653,141918000,50403.153047800064,6035,36210000,12040.073665857315,29688,178128000,62443.22671365738,29688,178128000,62443.22671365738,10,300,cfr,1000,10,6336,333.28769851596167,interval
20260504-122353,1777924174.700093,23653,141918000,50403.153047800064,6185,37110000,12340.936872959137,29838,179028000,62744.0899207592,29838,179028000,62744.0899207592,10,300,cfr,1000,10,6336,-1071.063112647489,interval
20260504-122353,1777924476.6732569,23653,141918000,50403.153047800064,6334,38004000,12642.90642285347,29987,179922000,63046.059470653534,29987,179922000,63046.059470653534,10,300,cfr,1000,10,6336,-940.9524973908314,interval
20260504-122353,1777924777.3787851,23653,141918000,50403.153047800064,6480,38880000,12943.618921995163,30133,180798000,63346.77196979523,30133,180798000,63346.77196979523,10,300,cfr,1000,10,6336,-374.24121806180847,interval
20260504-122353,1777925077.755677,23653,141918000,50403.153047800064,6625,39750000,13243.994092702866,30278,181668000,63647.14714050293,30278,181668000,63647.14714050293,10,300,cfr,1000,10,6336,465.0396041447089,interval
20260504-122353,1777925378.8380952,23653,141918000,50403.153047800064,6774,40644000,13545.074881076813,30427,182562000,63948.22792887688,30427,182562000,63948.22792887688,10,300,cfr,1000,10,6336,-691.527163884287,interval
20260504-122353,1777925679.360703,23653,141918000,50403.153047800064,6921,41526000,13845.596519947052,30574,183444000,64248.749567747116,30574,183444000,64248.749567747116,10,300,cfr,1000,10,6336,-629.1834718439811,interval
20260504-122353,1777925979.770617,23653,141918000,50403.153047800064,7070,42420000,14146.004485845566,30723,184338000,64549.15753364563,30723,184338000,64549.15753364563,10,300,cfr,1000,10,6336,-971.7634799430028,interval
20260504-122353,1777926281.18682,23653,141918000,50403.153047800064,7214,43284000,14447.425426959991,30867,185202000,64850.578474760056,30867,185202000,64850.578474760056,10,300,cfr,1000,10,6336,-356.9101073445495,interval
20260504-122353,1777926582.134003,23653,141918000,50403.153047800064,7360,44160000,14748.368196964264,31013,186078000,65151.52124476433,31013,186078000,65151.52124476433,10,300,cfr,1000,10,6336,-291.1778872520858,interval
20260504-122353,1777926882.6702569,23653,141918000,50403.153047800064,7508,45048000,15048.909705877304,31161,186966000,65452.06275367737,31161,186966000,65452.06275367737,10,300,cfr,1000,10,6336,860.1135276370062,interval
20260504-122353,1777927182.769804,23653,141918000,50403.153047800064,7653,45918000,15349.010277986526,31306,187836000,65752.16332578659,31306,187836000,65752.16332578659,10,300,cfr,1000,10,6336,-569.6303305191386,interval
20260504-122353,1777927484.2691278,23653,141918000,50403.153047800064,7797,46782000,15650.506916761398,31450,188700000,66053.65996456146,31450,188700000,66053.65996456146,10,300,cfr,1000,10,6336,379.16270555239475,interval
20260504-122353,1777927784.451384,23653,141918000,50403.153047800064,7941,47646000,15950.688962936401,31594,189564000,66353.84201073647,31594,189564000,66353.84201073647,10,300,cfr,1000,10,6336,-845.3870658037865,interval
20260504-122353,1777928086.312531,23653,141918000,50403.153047800064,8087,48522000,16252.55131483078,31740,190440000,66655.70436263084,31740,190440000,66655.70436263084,10,300,cfr,1000,10,6336,737.9153362659109,interval
20260504-122353,1777928386.889166,23653,141918000,50403.153047800064,8233,49398000,16553.125715970993,31886,191316000,66956.27876377106,31886,191316000,66956.27876377106,10,300,cfr,1000,10,6336,-546.8487509435363,interval
20260504-122353,1777928687.865439,23653,141918000,50403.153047800064,8378,50268000,16854.104198932648,32031,192186000,67257.25724673271,32031,192186000,67257.25724673271,10,300,cfr,1000,10,6336,-9.62205023680459,interval
20260504-122353,1777928988.1812701,23653,141918000,50403.153047800064,8521,51126000,17154.416193008423,32174,193044000,67557.56924080849,32174,193044000,67557.56924080849,10,300,cfr,1000,10,6336,-445.8551721616642,interval
20260504-122353,1777929288.6844952,23653,141918000,50403.153047800064,8666,51996000,17454.922166109085,32319,193914000,67858.07521390915,32319,193914000,67858.07521390915,10,300,cfr,1000,10,6336,-278.15724581670634,interval
20260504-122353,1777929589.0673301,23653,141918000,50403.153047800064,8812,52872000,17755.30500483513,32465,194790000,68158.4580526352,32465,194790000,68158.4580526352,10,300,cfr,1000,10,6336,-404.7450189780818,interval
20260504-122353,1777929835.6304681,23653,141918000,50403.153047800064,8932,53592000,18001.865283727646,32585,195510000,68405.01833152771,32585,195510000,68405.01833152771,10,300,cfr,1000,10,6336,229.2784056811925,final
